Age,Income,LoanAmount,CreditScore,Approved
48,29300,5830,611,0
50,64600,3020,568,0
43,44500,14740,590,0
65,65100,16980,671,1
50,32900,10600,610,1
44,45300,9670,646,1
51,46800,9550,710,0
40,79700,12780,650,1
50,52700,10390,596,0
21,72100,8290,590,0
37,40400,8270,569,0
35,39800,7080,504,0
44,35400,3480,604,1
49,74200,10170,643,1
47,46800,9560,615,0
45,18000,2250,557,0
62,111100,23270,767,1
32,64500,10900,677,1
39,117700,3710,586,0
36,25000,7680,549,0
50,50800,11500,625,0
54,54200,11820,606,0
33,44800,12120,682,1
41,40900,6960,724,1
18,25000,7750,508,0
29,116900,16850,759,1
45,69100,7920,703,1
40,55000,8050,739,1
46,36600,8160,672,1
45,43100,4850,627,1
28,31700,2880,575,0
43,51400,7810,573,0
43,124400,24400,552,0
25,49000,4590,485,0
43,42800,5370,572,1
38,39800,5190,672,0
35,51200,9850,607,0
42,48800,11580,581,0
33,25800,4560,551,0
37,93700,10070,637,0
50,57100,11780,719,0
28,22700,4120,646,0
44,53200,7760,618,0
64,109300,20630,758,1
49,75400,12930,689,0
18,46100,10150,641,0
45,68300,6240,554,0
20,38800,10600,554,0
25,40200,4510,693,0
37,81700,16600,737,0
52,120500,17120,615,0
62,41500,7500,566,1
36,22100,500,604,0
40,110200,23100,696,0
27,66400,12980,510,1
58,40200,10300,696,1
53,77200,16710,654,0
34,35300,5530,571,0
30,34100,4780,655,0
45,32400,8170,586,0
18,62000,7490,678,1
45,21100,2650,502,0
41,38600,6370,622,0
37,90400,27260,553,0
31,64700,8090,643,0
27,222200,58520,671,0
44,133200,24770,540,0
51,41400,2520,720,1
43,72700,14220,687,0
24,55700,7320,553,0
35,77700,4970,713,1
25,36500,2670,543,0
62,87000,17720,679,0
23,37200,7110,616,0
54,30800,4200,582,0
62,18000,2040,558,0
54,106100,4850,701,1
38,51800,7560,722,0
42,33800,3950,621,0
37,45000,9950,548,0
38,48000,500,700,1
45,60100,8890,692,1
44,114500,26060,674,0
32,44500,7830,643,1
21,44800,5500,659,1
38,26000,6120,546,0
33,81700,10370,674,0
40,82400,16900,569,0
19,46600,4480,584,1
54,47900,6480,690,0
31,45200,7750,566,0
40,62100,2830,772,1
51,90100,13880,662,0
36,34900,4110,583,1
18,30200,5100,602,1
45,36600,4440,599,0
38,18800,3740,658,0
41,88000,25860,518,0
56,85500,6490,591,0
35,79200,6870,678,1
57,144200,5330,725,1
56,224300,25290,798,1
45,152700,8150,754,1
22,41200,9580,638,0
34,43900,8360,620,0
40,67400,5740,588,0
35,35900,2800,662,0
45,67300,1190,675,1
43,87000,24750,622,0
37,51700,9800,709,0
56,82700,4970,720,1
40,106500,6500,687,1
52,55000,7010,712,1
52,44800,11050,662,1
45,90600,12890,614,1
21,20200,4780,644,0
46,100700,16390,672,0
47,41200,890,548,0
33,50500,10880,665,0
56,93900,7630,712,1
48,49700,9710,813,1
52,63400,13980,559,0
30,54200,7640,533,0
36,95900,17660,625,0
46,66900,6370,572,1
19,111800,31660,702,1
27,33500,7770,631,0
55,79300,13790,650,0
49,30100,4850,605,1
31,94000,20040,610,0
18,25600,5510,570,0
26,25100,3380,543,1
41,95600,14670,608,0
59,45600,9050,669,0
44,90100,14180,643,0
49,20900,3700,531,1
59,92400,12120,670,0
26,187700,27770,586,0
42,28000,1640,697,0
56,52000,6410,606,0
45,60500,9140,621,0
36,152700,25090,588,0
43,55600,9970,583,1
39,35000,9090,579,1
26,72500,17620,500,0
36,99000,21790,690,0
47,56200,10070,562,0
34,43100,6370,564,0
54,142100,38910,692,1
28,67300,10120,639,0
68,59200,9240,715,0
18,87200,20030,696,0
43,92300,8250,443,0
44,78600,3740,626,0
56,60700,18180,684,0
28,40900,4780,638,0
39,66600,18170,716,1
45,19400,1960,753,0
27,59400,15360,545,0
22,20100,2210,558,0
49,84200,2320,701,1
31,66600,3610,557,0
19,51900,7550,552,0
28,34800,3390,691,1
33,32700,7840,487,0
52,77000,7210,569,0
41,63700,16090,558,0
60,71200,15830,546,0
24,82500,16390,621,1
50,74100,18690,499,0
45,67400,12320,665,0
38,68600,7840,648,0
41,36600,500,597,0
58,51200,8400,645,0
18,109000,16500,679,1
43,91200,16310,784,0
62,82400,6900,678,1
68,57000,4220,646,0
18,48900,2810,591,0
46,90300,19340,701,0
44,36500,3830,508,0
43,58300,1650,657,0
46,133200,25960,660,1
58,107200,11440,807,1
25,18000,1210,539,0
28,47600,11530,677,0
45,65500,2130,665,1
42,55100,9740,702,0
58,27900,4040,577,1
46,40800,7770,571,1
55,57000,9670,609,0
31,63800,4980,653,0
19,44400,13160,648,0
33,28500,7000,580,0
41,29400,4640,656,0
21,43100,9840,514,0
48,58600,5860,662,1
40,128900,31570,583,0
18,37500,4800,558,0
31,26500,4770,649,1
33,39300,6750,643,0
57,58300,9470,643,1
25,24800,1230,565,0
39,59300,3600,539,0
37,97700,12590,691,1
38,50800,7350,634,0
40,99000,18360,665,0
62,53600,6200,530,0
54,65300,9150,711,0
38,51400,3410,591,0
25,80600,10810,612,0
47,70000,8720,678,1
39,22600,3240,609,0
24,145400,17920,698,1
37,28800,5700,518,0
42,103300,21350,693,0
40,97400,18060,648,0
53,30800,4580,564,0
53,39200,11300,678,0
41,65700,11720,607,0
40,35900,5780,658,0
48,51800,10330,641,1
44,118500,25860,769,0
38,40000,4470,547,0
40,47300,11350,625,0
24,59800,4240,628,1
18,48500,10890,587,1
35,60200,11620,700,1
37,74700,9850,773,0
48,35100,5060,640,0
32,53100,10120,604,0
37,55800,17050,548,0
21,139100,15770,620,0
26,88500,18080,747,1
48,156100,23030,799,1
59,95900,10400,563,1
40,25700,4040,544,0
18,36800,5400,689,0
37,55000,8270,718,0
44,43900,4600,600,0
18,18000,4560,470,0
50,70400,12620,611,1
18,64300,5030,684,1
37,99400,20140,712,1
18,63200,9770,559,0
34,45000,7020,582,0
18,180700,3770,704,1
26,63300,13930,666,0
36,61400,8310,648,0
26,37000,2350,597,0
40,46800,7340,689,0
27,37500,8520,625,0
54,34000,4840,703,1
70,56200,10230,659,1
57,35400,5810,666,0
43,34500,2880,580,1
23,166600,24610,600,0
33,33700,13160,598,0
45,150200,42590,679,1
39,66900,10720,542,0
48,18000,4840,615,0
46,213900,36950,658,1
34,74600,16730,668,0
20,38800,1550,627,0
46,68700,10250,714,0
30,25300,3870,653,0
50,81600,5520,636,0
30,71400,4130,671,1
48,79800,24380,603,0
69,62500,9160,689,0
35,68300,12270,508,0
43,32000,3110,633,0
51,196800,10210,686,0
42,53000,5680,620,0
46,36300,7790,597,0
37,70500,21610,674,1
28,19800,500,694,1
38,30500,5770,552,0
40,32000,710,598,1
38,37400,11570,655,0
19,25800,4440,475,0
40,168600,33250,792,0
59,64500,2780,664,1
18,54800,5260,636,1
18,142500,14010,595,1
52,32200,6250,694,0
19,35000,10890,551,0
33,66700,14040,528,0
46,48900,13020,638,1
66,131000,25940,626,1
33,18000,830,544,0
31,65000,11680,623,1
20,49400,12330,542,0
39,39100,5800,655,0
43,181300,50690,639,0
41,46600,9380,647,0
43,32000,4710,624,0
24,56100,9160,614,0
41,177300,33500,736,1
61,45200,1470,645,0
26,83200,17440,650,1
35,51300,4010,614,1
33,43300,6300,508,1
56,32800,6270,738,1
39,123100,18080,661,0
22,58800,10920,721,0
28,50700,4130,579,0
54,91000,15840,521,1
39,117600,4400,744,1
66,131500,10190,727,1
40,37600,5260,618,0
46,90700,11220,774,1
47,25600,4640,569,0
28,53000,8560,545,0
41,42100,9870,590,0
49,61600,7940,696,1
21,31200,6890,614,0
42,28500,2460,522,0
18,53100,16100,562,0
40,52100,11150,595,0
41,25600,3300,557,1
34,26600,7400,603,0
38,35600,5380,520,0
36,41500,3620,627,0
50,82500,3560,700,1
36,42700,11760,547,0
39,54200,3470,676,1
45,50300,12550,546,0
44,67400,10630,557,0
50,69600,13850,721,0
32,88400,6440,700,1
36,50200,8750,558,0
36,53000,12010,626,0
42,44800,8210,766,0
41,18000,3520,497,0
24,36800,8350,759,0
30,40700,4800,569,0
58,61600,9770,577,0
54,41200,9140,546,1
53,52200,5540,562,0
29,61500,5410,742,0
61,47500,8010,706,1
38,47000,7340,638,0
26,83300,8090,563,0
38,82400,8870,701,1
39,91600,25800,648,0
44,79700,12100,663,0
30,61100,9810,605,0
41,72200,14750,659,0
23,34100,10510,464,0
42,56500,7310,555,0
41,61500,11290,644,0
21,50400,5610,567,0
43,78900,17610,567,0
56,62500,11240,601,0
19,81800,25430,608,0
18,20300,3240,549,0
31,41500,8890,657,0
43,32500,3010,721,1
23,22500,4680,511,0
38,50200,5110,696,0
48,24400,2070,728,1
27,35900,8980,510,0
27,54200,12970,678,0
27,43800,4050,641,1
35,41200,4730,576,0
39,56200,18260,613,0
54,111400,6280,564,0
25,23700,3230,485,0
42,76800,8510,725,1
39,67200,4380,597,1
35,61700,13050,514,0
34,51000,8760,551,0
38,124900,25240,635,1
38,143800,32560,700,0
26,44500,2570,602,1
43,150200,26040,665,0
61,55700,6240,599,0
47,43700,8550,636,0
32,152100,23240,663,1
52,62100,12780,668,1
35,56500,14100,589,0
33,120800,4100,672,0
37,25100,3470,660,0
33,50500,8660,561,0
44,41300,9670,700,0
60,24100,1190,629,1
29,108200,21320,590,0
45,45200,5200,599,1
47,134100,14330,691,0
18,27300,1880,585,0
49,35000,5660,592,0
65,40400,8010,666,0
45,29500,5500,640,0
21,42700,5070,600,0
24,20000,3740,620,1
41,36300,4690,691,1
41,42000,10730,672,0
37,34400,8770,615,0
48,101700,20570,630,0
51,178300,27250,717,0
29,98300,17310,573,0
26,77700,4200,540,0
51,56400,8590,628,0
41,19600,4680,593,0
35,78500,19620,659,1
34,36300,6840,667,1
58,137700,30950,689,0
45,69900,8500,771,1
55,110500,25560,631,1
43,65600,1880,680,1
49,34300,5750,659,0
31,77100,14250,449,0
51,117000,12020,670,1
26,22500,1750,610,0
48,143400,22550,588,1
24,65100,7550,635,0
48,29200,3990,655,1
40,48100,540,557,1
44,148300,15770,740,1
62,34900,4260,619,0
32,59000,15450,756,1
37,58100,9560,595,0
20,69000,11080,605,0
58,23600,1300,762,1
40,45500,6460,616,0
47,103400,15770,708,1
37,103500,16050,704,1
48,19300,500,611,0
44,76800,23970,689,0
50,184700,32920,699,1
50,79800,8960,630,0
18,62200,20990,512,0
25,30700,7200,537,0
26,83900,18410,781,1
18,54400,9280,596,0
32,52600,8240,588,1
48,44700,8950,701,0
46,39600,2290,547,0
47,26400,2790,533,0
34,30200,5020,635,1
35,30200,4460,625,1
39,71900,5480,591,0
30,18100,4220,566,0
27,56200,4630,620,0
56,38500,4440,516,0
23,53600,8700,568,0
30,41800,5240,577,0
29,62300,11220,608,0
61,38400,3820,532,1
28,41300,16950,663,0
34,38900,5630,528,0
49,73100,14130,722,0
55,62700,1800,645,1
43,75400,22640,572,0
49,35400,7110,616,0
47,90400,12920,748,1
70,99000,16800,572,0
49,96400,13130,656,1
47,55700,11880,702,0
52,90700,10100,678,0
38,70500,1680,529,1
54,84900,14690,662,1
20,49700,13310,640,0
45,52200,6540,623,0
44,30600,500,628,0
45,21500,4610,576,1
50,38400,3470,547,0
66,83900,16590,682,1
45,90500,9680,571,0
22,198300,18830,718,1
34,102500,13540,652,0
43,84900,12640,575,0
36,47800,3820,564,0
52,33000,1230,638,0
31,53800,14900,609,0
50,114200,31870,682,0
42,115900,10290,647,1
65,104900,34050,720,1
54,50300,6820,573,0
37,28600,2980,567,0
58,136300,14490,768,1
36,29800,3890,551,0
49,26100,2420,543,0
41,69000,16380,681,1
55,88200,10010,655,1
25,50300,12430,681,1
54,93700,17810,589,0
38,83000,18610,644,1
56,93000,15840,662,1
32,128600,23410,645,1
36,98200,22500,683,0
27,24400,1710,622,0
35,59800,18460,642,0
28,20400,3030,682,1
19,31500,5090,593,0
35,37100,1290,582,0
18,18000,1450,609,0
32,18500,2100,640,1
30,108800,15890,699,0
30,34800,1200,563,0
48,22000,500,594,1
26,18500,2420,459,0
29,37800,5230,592,0
42,123200,19190,727,0
30,113700,23980,565,0
47,92700,11220,622,0
35,18800,500,592,0
25,51700,1510,642,0
26,47500,7310,560,0
32,32000,9090,550,0
58,118200,11870,657,0
44,57100,4110,698,1
68,73800,3980,643,1
49,31000,3380,544,0
55,68900,2290,749,1
52,100500,17780,756,0
39,76100,14920,806,1
45,76700,7440,620,0
34,94600,21300,693,1
24,68100,14540,633,0
56,52800,8810,612,1
32,55100,13400,684,0
54,120900,13020,817,0
38,41400,500,601,0
45,43400,2860,550,0
51,79200,11570,661,0
40,41300,6330,688,1
44,31300,7670,668,0
58,59500,14890,614,0
41,33200,8480,545,0
54,85800,4480,696,0
30,55000,7190,685,0
47,18000,2030,611,0
45,41200,500,743,0
46,86500,5940,592,0
44,68000,2770,626,0
59,45700,8460,669,0
34,33900,5220,632,0
43,48100,5060,582,1
38,34200,6400,603,0
31,66100,5320,569,0
58,32600,3010,590,1
37,36700,6080,554,0
58,52400,11720,656,0
42,86200,14180,737,1
49,52500,4260,593,1
41,26100,4600,661,0
45,24600,3250,576,0
49,113400,8790,592,0
32,65100,10020,628,1
43,36300,530,484,0
59,65800,12190,722,1
59,127500,28430,671,0
56,23500,3190,590,0
27,113000,6810,656,0
23,70000,15310,572,0
27,44700,8120,576,0
36,29600,10320,652,0
19,31400,5800,591,0
36,18000,1580,687,1
42,65800,5790,560,0
51,95400,16800,660,0
29,71100,11670,631,0
57,150800,29660,694,0
24,73000,16730,655,0
59,68800,4540,667,0
43,26000,3570,621,0
33,48900,4200,695,1
29,18000,3630,476,0
50,118800,26610,568,0
57,50700,12850,627,0
45,57800,13520,685,0
61,54800,10390,626,1
57,37300,5060,629,0
57,190000,21290,605,0
69,150500,31310,688,0
47,85400,15720,698,1
27,72900,16570,514,0
24,29200,3220,661,0
65,19600,700,521,0
37,66700,9130,514,0
39,33800,7160,641,0
45,65400,12100,647,0
28,58700,10170,612,1
37,21400,6330,620,0
18,46300,8740,562,0
32,52600,6320,648,0
61,71700,500,661,0
70,71200,13340,703,0
53,59400,9430,670,1
40,52700,11430,543,0
18,67500,2270,553,0
38,37000,6380,611,1
55,30700,11290,621,0
53,48400,4880,659,1
23,79500,12660,602,0
51,38400,3530,657,0
63,103100,23420,722,1
46,57200,7420,701,1
36,71400,2560,643,0
23,58900,10830,637,0
28,78700,14860,687,0
30,68000,11150,627,0
35,50700,5660,595,0
31,56000,14160,618,0
36,71100,4270,701,0
23,49400,11050,535,0
43,81200,10410,588,0
36,54700,7760,679,0
45,43200,5040,575,0
43,19300,3470,585,0
54,113700,32110,617,1
31,23300,3280,590,0
52,122500,30260,647,0
51,65200,12840,642,0
29,100000,16190,678,1
33,40300,8490,629,0
38,138000,42490,625,0
33,41100,11630,702,0
37,55400,11260,705,1
32,64800,2250,598,0
33,135100,31580,672,1
46,27200,2780,540,0
43,46800,11470,589,1
29,106900,10730,573,1
45,100700,15510,647,1
25,177500,36360,763,0
45,36900,3350,652,0
31,21000,1310,617,0
27,139000,21880,640,0
40,51400,12380,701,0
30,98000,13980,770,1
58,69400,9010,688,0
18,44900,7620,568,0
47,53500,4720,646,0
48,142900,35170,758,1
43,41400,7110,513,0
29,70000,17930,572,0
55,59100,5110,660,0
35,77600,21740,645,0
30,36200,7000,686,0
70,38100,1490,727,1
32,106900,4760,635,1
23,59300,16180,625,0
48,55300,10680,670,0
27,64100,7620,590,0
33,85400,24410,644,0
30,60800,7680,649,0
40,60000,3820,512,1
53,83600,24240,772,0
18,22200,500,473,0
52,35600,6220,605,0
38,61000,7510,567,1
45,45600,8710,597,0
59,69100,7060,575,0
21,52000,4530,798,1
52,40200,3860,664,0
56,53600,9340,640,0
39,83800,8850,609,0
32,63300,11300,565,0
54,173300,27960,688,0
36,64900,4010,592,1
41,46900,13420,501,0
53,68700,2670,691,1
38,226500,46070,677,0
26,85700,18580,622,0
44,77900,13800,691,0
34,89900,3530,696,1
42,52200,5990,631,1
51,110400,20010,543,0
36,20600,3190,545,0
52,71500,15470,715,1
41,19200,1300,607,0
44,44600,6740,589,0
53,92600,27430,681,0
45,42600,9970,602,0
41,190900,20310,735,1
45,83600,14890,627,0
37,37700,7710,659,0
55,70700,12960,612,0
46,89400,26160,631,0
28,45000,9010,575,0
29,56700,2020,607,0
34,31800,7370,677,0
45,110100,22580,738,0
27,106100,15610,543,0
29,80400,14480,775,1
48,28800,6610,493,0
34,113900,17760,753,1
39,120700,22780,678,0
44,32600,6620,691,0
40,42800,4740,513,0
21,28500,2330,539,0
39,117900,27280,638,0
53,29100,820,607,1
42,72600,13370,632,1
40,59300,8530,545,0
53,66400,12780,612,0
34,49300,6000,677,0
41,107700,18610,647,0
29,18000,1810,536,0
30,36100,5420,561,0
29,56900,8930,531,0
34,63500,12590,608,0
33,106600,590,607,0
42,32500,3900,491,0
45,74200,15540,626,0
43,36200,6790,571,0
23,53200,9710,557,0
43,49700,1460,495,0
47,79700,13680,582,0
50,48200,5260,635,0
25,58300,7010,643,0
39,37400,9160,632,0
59,86500,11110,533,0
38,33900,2710,442,0
51,80400,12330,749,0
22,37300,4400,660,0
34,79800,2460,599,1
34,63400,16120,677,0
32,49400,2110,522,0
23,47300,8430,705,0
42,31100,4980,666,1
22,88400,1530,670,1
18,32000,2260,579,0
35,39900,7040,623,0
43,136500,24380,523,0
18,18000,2110,571,0
39,41200,8660,611,0
36,32700,5870,519,1
34,38700,4790,634,0
21,18000,4050,538,0
39,65500,13420,694,1
26,118900,20510,679,0
53,94700,19470,583,0
18,62300,7890,588,0
38,25300,1510,638,1
44,50200,10960,623,0
18,44800,3140,678,1
38,89400,25970,634,0
36,41300,8330,529,0
38,126700,24690,616,0
35,57000,6320,551,0
48,60500,9930,705,1
53,85100,31180,662,0
61,86500,12960,608,1
43,48400,6630,610,0
59,32600,4440,629,1
24,35100,7250,603,0
38,36100,650,571,0
45,47400,5120,605,0
25,72300,3400,668,1
56,81700,6060,664,1
27,47500,8150,661,0
43,45000,3420,729,1
47,75800,7430,850,1
48,43500,7350,724,0
19,24300,7860,642,1
38,48900,8960,586,1
31,43900,10120,624,0
43,100300,12630,647,1
33,46800,4990,515,0
27,37400,5540,552,0
42,112900,12200,664,1
25,83900,16510,554,0
41,62100,8750,623,0
44,57100,3310,546,1
33,112000,17900,704,1
18,69900,12520,535,0
22,79500,10010,715,1
46,49300,12670,631,0
45,71200,13240,735,0
38,74700,7170,623,0
61,131900,21600,746,1
33,30400,6920,640,1
35,36800,6750,692,1
39,37100,6060,493,0
47,115600,22730,640,1
28,21500,2270,572,0
20,26800,3600,548,0
40,29600,2260,622,0
38,59700,3200,635,1
45,198600,19970,659,1
43,62900,11430,539,0
19,52000,14770,780,1
40,37200,4540,685,1
43,83700,16950,640,0
37,55600,11390,545,0
46,48000,8560,544,0
37,49800,3610,598,0
33,24100,2890,564,0
41,27100,4450,645,0
21,71800,10150,684,0
44,229200,30980,697,0
37,115200,16860,640,0
30,24500,4990,584,0
47,95300,21170,683,0
31,81600,25670,633,0
18,31200,5520,547,0
52,80500,8480,684,0
47,87300,21020,610,0
38,40300,8850,505,0
58,205300,48300,785,0
45,38600,1600,710,1
62,120700,31110,597,0
43,18000,1710,430,0
70,126200,20840,735,1
55,103500,10380,756,1
43,43900,7030,643,0
22,33400,3760,573,0
36,41500,4900,684,0
33,44100,4900,498,0
45,53200,9980,663,0
24,33300,10260,576,0
37,21700,3950,595,0
38,29900,4140,595,0
23,34200,8150,642,0
50,25400,4330,570,0
46,31700,3690,662,0
34,34700,1250,623,0
48,84400,9700,621,0
36,78300,18210,532,0
35,49600,2450,541,0
48,35100,5640,540,0
51,29100,3420,629,0
25,98200,21220,605,0
51,77900,12610,654,0
51,107100,23860,648,1
38,37700,6630,574,0
45,85400,15660,663,1
42,102900,6910,753,1
61,112500,31980,734,1
35,110000,14060,621,1
54,50600,5850,731,0
23,67600,12080,647,0
29,90000,7990,598,0
21,18000,4310,565,0
49,58000,9150,678,1
33,101800,17200,577,1
39,80500,6390,692,1
39,35900,5060,510,0
43,21500,1050,620,0
50,29000,5390,602,0
30,57000,10720,654,1
31,85800,14590,678,1
52,59200,14840,666,0
50,71300,10340,642,0
41,29900,8090,599,0
34,75300,16350,638,0
41,37700,8020,601,0
36,59500,6660,566,1
40,99000,7940,593,1
36,98600,18030,612,0
48,57600,11100,517,0
48,160600,36810,618,0
44,91400,5770,607,1
50,67900,12260,679,1
29,18000,1650,521,0
28,104400,12640,607,0
39,73700,13590,609,0
22,28800,9600,623,0
24,77700,16610,614,0
39,106900,13420,664,0
46,139700,12240,734,1
42,66000,10240,625,0
56,18000,4480,611,0
36,46600,9570,637,0
26,54900,4270,734,1
32,18300,1690,542,0
34,51300,14730,592,0
52,98700,21510,655,0
33,29300,9470,601,0
28,53900,10210,647,0
36,40900,6590,651,0
64,20100,3570,656,1
39,75000,500,629,1
18,18000,3030,526,0
37,106400,11550,754,1
23,42200,8850,572,1
35,47400,13050,635,0
40,97800,12250,593,1
22,40700,10280,640,1
47,37400,4170,640,0
34,22200,2670,619,0
29,41700,500,594,1
44,26900,500,616,0
70,36200,6010,610,0
39,42600,13470,648,1
18,202800,38850,698,0
31,64900,11670,663,0
49,89100,29780,581,0
32,28100,2440,707,1
30,43200,10000,581,0
38,44600,950,626,1
43,81700,1740,635,0
40,38000,6770,586,0
34,92600,13750,685,0
25,33400,9920,566,0
37,100700,15260,689,1
33,36100,3710,617,0
48,48200,12450,559,0
47,24600,4960,657,0
46,39900,7330,643,1
47,81700,12130,660,1
45,37100,3480,531,0
56,110300,16620,705,0
23,172700,18570,653,1
31,74100,9230,565,0
58,52800,10580,743,1
32,139600,27710,631,0
46,59400,5540,666,1
28,22100,4080,540,0
49,50700,10060,695,0
50,80900,13600,786,0
29,36200,6970,651,0
37,67800,8100,622,0
67,112900,14120,493,0
28,32000,3280,590,0
21,22100,2840,554,0
46,141000,5260,657,1
51,18000,2570,547,0
41,70500,9450,657,0
36,54900,10210,653,0
21,107300,21000,590,0
35,103200,25190,669,0
39,76500,22540,669,0
46,154500,23660,716,1
53,38400,7210,624,0
18,22200,1280,585,0
23,104300,19580,596,1
23,100100,18580,596,0
45,38800,9620,579,0
24,50400,14240,564,0
44,63900,15140,574,0
44,20200,1970,513,1
68,18000,710,653,0
45,141900,23670,665,1
28,48700,9130,706,0
23,32500,500,659,1
26,38300,12750,656,0
41,32500,7410,636,0
35,23400,6180,573,0
41,63900,15800,690,0
44,43200,2950,781,1
38,28400,6300,492,0
43,56100,7690,463,0
32,70800,17080,651,0
31,38900,4870,646,1
49,38000,8620,624,0
37,72000,19610,661,1
26,53600,11930,564,0
18,21800,5610,548,0
52,200700,17690,823,0
50,121800,10900,747,1
35,29800,2260,613,0
37,253600,63770,626,0
45,21900,500,517,1
41,78400,17230,653,1
33,79600,12180,616,1
45,31000,4060,559,0
35,194900,25970,668,0
57,67600,13780,730,0
37,18000,2570,474,0
26,49700,5510,652,0
47,37400,7780,564,0
41,25200,5790,496,0
31,39300,6400,691,0
38,97000,24440,664,0
42,38100,5590,687,1
35,121200,16750,714,1
35,50900,8560,542,0
64,75400,6570,693,1
40,37600,4950,650,1
37,49200,6730,594,1
48,75300,6580,759,1
26,42100,16820,630,1
54,73500,13550,650,0
18,18000,3440,460,0
42,60600,15480,704,1
25,106800,22460,636,0
70,131000,25500,790,1
34,54000,9180,611,0
29,67400,11790,669,1
41,29800,3360,651,0
22,52300,5390,586,0
41,54900,1600,725,1
34,66300,9810,624,0
36,94400,16010,611,1
24,35800,700,583,0
49,76500,12950,684,0
38,101600,17150,581,0
44,47100,6240,596,0
50,69500,14900,733,1
18,44600,500,588,1
36,23400,2760,616,0
45,44800,10450,575,0
37,49100,4660,573,0
45,84200,15040,551,0
58,62300,5330,617,0
38,55500,10900,565,0
29,55300,9160,554,0
44,134300,36860,541,0
41,196600,40950,594,0
22,61800,14250,527,0
46,34500,4360,542,0
33,78700,14120,530,0
22,68700,12250,601,0
53,49300,9470,647,0
70,48000,10350,640,0
51,67000,21950,620,0
24,22800,1660,563,0
45,22500,6420,599,0
63,130200,18140,622,0
38,106700,17520,648,0
24,89200,13010,522,0
42,57600,22430,576,0
40,53900,8660,677,1
28,150800,39270,795,1
30,167700,18190,631,1
48,67300,10860,742,1
43,46400,2220,605,0
19,21500,1280,582,0
46,35100,5130,603,1
57,43000,2260,669,0
36,39200,11190,555,0
36,62600,13080,653,0
61,85500,5380,634,1
52,63300,8630,687,0
35,77600,15600,681,1
50,32800,10660,672,0
40,36900,7910,624,0
51,59700,10780,638,0
50,76200,14150,616,0
37,30100,5960,575,0
44,28900,3060,707,0
29,52900,4690,610,0
25,20000,3530,552,0
37,41300,5100,673,1
43,128800,22920,660,0
26,87700,18320,572,0
41,41600,3810,582,1
63,86500,26720,590,0
36,48400,5690,424,0
27,48300,12070,557,0
62,100500,23610,689,0
36,89500,9930,672,1
35,25100,850,526,0
30,33900,9940,514,0
34,32200,1680,613,1
33,42200,5060,719,0
25,102600,21730,631,0
46,86600,12090,651,0
69,65700,11310,661,1
41,24200,2200,518,0
41,93700,11320,674,0
51,64500,7860,644,1
40,65300,12180,673,0
40,43500,1590,679,0
52,48400,6180,684,1
37,34800,3400,640,0
42,30100,1280,605,0
18,68700,11960,646,0
54,56300,13370,644,1
49,98500,23830,660,1
46,18000,2730,550,0
39,35900,730,553,1
20,49700,10720,444,0
38,215000,5820,706,1
42,56600,6080,714,1
44,18000,2910,629,0
35,36500,5630,547,0
35,76100,7170,618,0
47,124900,19880,648,1
32,70500,13910,637,1
47,81900,11300,668,0
50,18000,1680,614,0
36,93300,14510,732,1
46,41700,11190,552,0
36,28600,3810,542,1
45,32700,8200,584,0
45,122700,29590,627,1
32,234300,40430,760,1
43,72700,8110,584,0
27,68100,20660,690,0
29,108100,2930,691,0
58,92100,18090,584,0
57,107900,12490,636,1
27,30000,3390,607,0
34,138000,21040,606,1
44,33300,4740,619,0
39,72300,12580,578,1
45,42200,5600,639,0
18,26100,4000,631,0
47,59300,16520,682,0
21,62800,13230,512,0
38,19800,4000,546,0
44,27400,2420,610,0
36,116700,17610,689,1
39,68800,4150,625,1
45,60700,5230,647,1
41,46100,3220,569,0
32,57200,11650,616,0
49,49900,11310,639,1
29,100400,26190,610,1
37,289900,75000,668,0
20,21000,3100,533,1
35,126900,24520,578,0
35,56200,5580,663,1
21,37700,8970,574,0
46,111400,29480,691,0
37,81400,17780,624,1
38,126800,36630,671,0
37,35600,5430,637,0
36,27400,10810,642,0
50,41200,5220,476,0
18,46900,10060,574,0
45,69500,13510,636,0
32,146700,21540,712,0
44,61900,7780,544,0
18,83100,21300,701,0
23,90300,15530,647,0
38,40900,6560,563,0
50,77600,10520,691,0
35,21800,3940,683,1
30,89700,20280,541,0
53,34100,10620,648,1
50,92300,13570,702,1
22,73900,7770,571,0
52,79900,14320,729,1
48,46500,9650,548,0
45,70200,15700,599,0
42,29600,4310,645,0
37,58500,8730,580,0
30,63000,12060,570,0
43,21300,3560,621,0
49,66400,17990,657,0
29,99300,18660,709,0
70,63600,9560,742,0
53,48100,11070,716,0
20,56700,8610,580,0
18,38000,7360,559,0
34,50200,9280,576,1
28,31900,5920,555,0
60,157400,25420,570,0
50,50900,12560,721,0
32,61700,4080,548,0
36,35600,3080,528,0
51,51100,15410,652,0
42,56700,4340,758,1
40,127000,18710,712,0
44,42700,5420,645,0
56,34400,5780,605,0
18,66200,3220,664,0
39,70400,8780,569,0
47,68100,23880,610,0
49,42900,7410,688,1
34,111100,22750,589,0
43,102600,4070,687,0
32,28800,5530,568,0
18,41500,2940,573,0
44,49500,10460,554,1
44,37400,6830,573,1
40,57500,11770,561,0
46,22800,3100,655,0
24,62800,8740,684,1
26,92800,24660,649,0
39,156400,45180,802,1
41,76000,6320,605,0
20,49100,10310,522,0
30,40500,8630,613,0
46,26400,3010,700,0
40,29600,3520,652,0
53,90200,22730,584,0
21,50000,10510,567,0
52,73300,6990,553,1
56,58300,14940,651,1
44,43400,7980,638,0
44,39900,8020,638,1
47,42600,10010,648,1
56,29600,4900,621,0
49,34800,4170,539,0
36,27900,5050,661,0
64,50600,10650,692,0
69,154200,28630,535,0
27,58800,8390,729,0
34,67800,15820,682,1
61,105800,19030,653,0
31,104200,23540,521,0
54,155200,7120,616,1
54,84800,17170,599,0
44,58500,5070,655,0
46,35100,5200,620,0
34,73500,10750,708,1
26,38300,7850,539,1
30,41600,5730,535,0
29,42900,6180,599,0
34,105300,17200,630,0
18,60900,16910,611,0
40,149200,16770,688,1
42,63800,7480,712,0
51,123900,37470,606,0
44,35800,3720,617,1
27,31800,3340,692,1
35,35700,570,592,1
48,62300,4710,538,0
50,139200,39690,765,0
37,53300,12300,572,0
18,40400,4000,481,0
50,92700,21900,581,1
36,116300,23690,558,0
54,224900,55340,750,0
58,110600,25130,674,0
30,71100,17670,528,0
45,88000,15880,775,0
37,62600,7440,601,0
49,30100,7990,614,0
27,74500,9600,567,1
23,46600,13170,680,0
41,28200,3560,563,0
38,36800,2210,534,1
18,29800,4450,571,0
26,27100,1960,695,1
44,27900,6760,564,0
47,36200,4450,610,0
41,20400,500,608,0
35,31600,5660,661,1
40,60000,11290,619,0
51,66900,17530,659,0
18,98600,14240,666,1
48,36600,6470,612,0
33,53400,14860,586,0
41,26700,3610,589,1
31,71800,14580,648,0
34,98400,13340,591,0
28,53800,7700,593,0
33,33300,660,501,0
47,80200,11480,611,1
48,70200,11260,682,1
42,75200,18370,788,1
50,54400,3840,643,1
46,48600,11460,657,0
53,140000,10370,742,1
43,66100,9780,746,0
31,34900,1380,576,1
51,104900,20930,507,0
42,44000,7840,565,0
40,70800,2580,744,1
37,93400,14030,669,1
35,31500,4060,579,0
51,87300,26190,603,1
38,22300,5460,617,0
33,26400,2160,626,1
18,43600,7490,558,0
30,23300,5360,611,0
34,25100,7430,725,0
51,119200,16590,702,1
40,99100,11730,704,1
43,65400,9060,745,0
36,31800,2210,743,0
39,92100,11540,663,0
32,51300,9130,720,1
43,96400,18640,666,0
43,121900,16310,673,1
44,50300,9410,533,1
58,22500,3460,675,0
37,63400,8060,572,0
61,56000,6590,679,1
60,110400,22040,661,0
32,28700,1700,540,0
18,26000,4360,560,0
18,80200,14710,538,0
18,89500,10120,561,0
53,107700,36260,659,0
47,38800,880,633,1
45,23100,5020,599,0
18,41700,5480,659,0
36,36600,3560,636,1
55,24000,5520,492,0
26,18000,4930,518,0
36,53700,9470,523,0
41,23300,3480,623,1
58,104500,17970,642,0
38,165400,33270,614,0
60,125300,22790,689,0
35,44300,6940,590,0
52,67000,5130,663,0
30,29200,2290,601,0
40,28900,1900,599,0
48,63700,20610,714,1
40,104800,7890,655,1
32,42400,5110,588,0
18,18000,3230,486,0
47,71600,12810,671,0
47,38100,6220,570,0
42,35700,5050,499,1
41,35600,4530,617,0
41,19700,800,563,1
37,37500,3010,557,1
22,93200,14320,683,0
54,105900,18670,579,0
47,46700,6740,609,0
45,62800,10330,650,1
18,89100,21270,705,0
23,36400,8870,587,0
18,77700,10370,595,0
36,59700,18890,731,0
40,38600,10040,583,0
33,22400,7320,494,0
29,44600,3250,703,1
44,94700,24830,697,0
41,42300,10430,708,0
47,56800,11330,558,0
44,37900,3160,734,0
26,18000,1430,608,0
46,39300,12590,680,0
34,26400,6630,669,0
30,109400,29350,607,1
40,67200,15660,526,0
42,32600,5120,508,0
31,30500,7320,578,0
47,147000,46190,699,0
30,97300,16690,688,0
42,38400,690,620,1
40,235500,27260,705,1
19,77300,18320,523,0
42,258300,54510,635,1
59,36900,500,636,0
44,36800,6620,707,0
44,41200,2790,589,1
39,53900,10500,679,0
50,37400,11400,471,1
43,50800,9790,625,1
47,21000,3860,527,0
62,44500,3900,615,0
39,82500,26950,787,0
30,32100,5130,578,0
18,57800,11590,584,1
29,81500,13350,660,0
24,75800,14840,603,0
43,71200,10950,679,1
68,51400,2710,599,0
27,49200,9120,637,0
42,75000,13390,643,0
36,48400,8130,689,1
43,54500,7950,613,0
48,62500,8730,725,0
41,43500,8730,598,0
46,73400,8360,648,0
48,28200,500,548,1
19,132500,17620,700,1
36,82600,13840,685,1
42,29000,4840,573,0
59,80000,14170,623,0
48,35100,3960,542,1
51,45700,500,538,0
36,82900,19370,695,0
55,67800,16580,703,0
35,33300,6720,585,0
36,135800,30790,610,0
21,59900,6210,611,0
49,31900,1840,495,0
42,48200,5080,551,0
57,29600,6420,558,0
54,44000,7040,671,1
39,41700,12730,603,0
49,67800,10710,600,1
29,41300,5000,612,0
32,40900,8150,664,1
38,98100,23540,731,0
35,48800,10370,627,0
37,81700,11880,525,0
21,181600,38680,633,0
38,32000,7990,699,0
18,75700,15700,554,0
53,102200,12060,714,0
44,68100,16420,629,0
55,40900,8120,711,0
40,59100,9310,683,0
55,27900,6720,657,0
26,134500,26780,676,0
32,20000,3040,521,0
52,177700,16450,670,1
40,50800,7220,554,1
38,25500,5410,617,1
49,57400,1820,629,1
41,71400,7910,684,1
56,42600,7570,618,0
31,106800,29950,627,0
40,53200,11080,556,0
32,97800,15720,716,1
36,59500,12100,595,0
45,72500,14610,621,0
32,78800,4860,659,1
18,65800,4180,589,0
52,41000,7100,639,0
65,67800,4780,619,0
18,33900,6540,669,0
33,87400,17330,631,1
52,68700,20490,750,0
49,153100,28090,584,0
49,45200,8840,585,0
27,63400,8660,663,0
27,56700,2820,669,1
52,37400,6040,501,0
48,266800,49450,600,1
44,27600,6260,539,0
32,46400,8610,653,1
18,57200,14450,498,1
35,18300,4350,601,0
34,114000,18900,684,0
26,32500,7420,574,0
53,30400,3650,685,0
25,18000,2540,595,0
35,59900,14280,581,0
25,50800,2880,602,0
20,54800,14120,696,1
48,55000,2920,600,1
44,40300,7390,500,0
51,78500,15970,638,0
28,36300,3950,581,0
25,76400,6330,597,0
33,20600,1700,472,0
48,23500,8000,594,0
35,32900,11150,581,0
39,98800,7680,762,1
24,18000,5750,470,0
37,25000,4210,583,0
29,133300,25200,604,0
55,64300,4010,693,0
43,60100,14130,502,0
59,19200,2140,534,0
32,46500,9060,548,0
34,56000,7330,622,0
18,103400,2810,703,0
46,99300,4620,674,1
42,75800,15630,734,0
56,57100,10250,578,0
45,158400,30180,591,0
33,49800,7660,565,0
44,44000,6440,714,1
57,49900,2820,576,0
64,61900,25340,629,0
39,84400,5880,652,1
49,49600,4700,478,0
38,85700,11110,695,0
50,97100,7420,729,1
54,18000,2230,610,0
18,26300,5820,542,0
18,60200,12300,678,1
59,69700,23260,649,0
49,29600,3650,505,1
34,28700,2660,653,0
55,82900,7790,659,1
47,73000,16850,675,1
39,47000,11240,622,0
38,41700,7620,589,0
18,26600,1260,459,0
39,103300,20410,729,0
38,78700,9780,694,0
50,81500,21700,676,0
32,21400,4570,587,0
52,62300,12340,678,0
45,89400,7700,634,1
29,113500,7970,621,0
18,242900,8300,736,1
28,25000,3450,525,0
27,84000,17890,683,0
41,61400,15790,613,0
18,46000,1960,658,1
52,49400,15150,752,1
21,48100,5340,612,0
37,37100,12180,662,0
42,63700,16910,641,0
31,114500,5380,560,1
43,57300,12110,663,1
52,36700,3530,644,0
34,77000,22380,671,1
38,29000,4590,576,0
45,33900,2020,506,0
37,81100,8290,688,0
30,58400,5310,551,0
42,30900,1380,673,0
37,103000,7610,668,0
50,89500,20870,602,0
41,19800,4680,555,0
44,40400,7880,623,1
47,18000,1510,640,0
26,70900,21450,608,0
24,63700,5480,701,0
50,83400,13430,483,0
21,34100,2920,594,0
52,54300,8650,595,0
58,149300,23600,531,0
40,26200,4860,604,0
56,55100,11020,552,0
56,104500,20070,644,1
67,32300,2340,615,1
18,21200,1930,568,0
48,24400,4390,524,0
63,103800,37230,729,1
33,46300,9440,618,0
21,75000,13690,608,0
49,33800,5270,590,0
56,90500,7910,683,0
35,154200,16290,678,1
70,25400,3790,586,0
57,68800,5480,629,1
20,35800,8000,611,0
39,65900,11780,550,0
45,27700,8390,501,0
49,72100,15860,640,0
45,57800,10900,585,0
42,58900,3820,669,0
52,156000,26150,695,1
31,28900,3240,657,1
42,52800,11760,514,0
43,84300,17860,673,1
33,91000,18290,806,1
43,33600,5950,683,1
35,30200,1750,677,1
42,47100,4250,610,0
41,82400,16420,595,0
69,40300,2000,587,0
44,43200,8670,642,1
39,52200,4900,542,1
27,31300,2710,511,0
32,70700,5910,677,0
36,134600,19120,644,0
49,72500,6320,690,0
39,69900,11010,590,0
35,23100,2320,714,0
54,89200,14520,566,0
38,93700,14280,565,0
27,47400,11850,507,0
39,155000,19070,719,1
48,47200,710,660,1
50,47700,8150,529,0
36,35400,6510,634,1
54,24400,3050,721,1
48,86400,9940,636,0
47,23300,5640,584,0
35,203600,19410,712,1
27,39100,6650,532,0
25,34500,6960,563,0
67,68600,13640,652,0
39,67500,16330,633,0
40,66900,10580,616,1
46,22100,1980,514,1
48,57100,6930,527,0
39,60900,8940,651,1
42,54100,13100,649,0
40,61900,720,600,0
50,82800,9210,608,0
34,47700,8790,659,0
34,56100,4130,635,1
42,58500,18820,620,0
42,71100,12100,598,1
34,29300,4800,514,0
28,34500,6040,659,0
26,36600,5670,671,0
44,64100,6480,591,0
37,42600,14090,600,0
35,37200,5280,581,0
45,65300,11650,610,0
46,53700,12730,658,1
31,44500,14770,601,0
61,92600,21110,709,0
40,160300,31410,568,0
62,60500,6960,626,1
28,18000,1040,662,1
45,49300,500,598,0
49,33400,2700,718,0
56,193500,47320,719,1
22,29000,6000,540,0
18,42900,5380,651,0
53,60600,8770,724,0
38,45800,3690,595,1
42,43800,11400,703,0
47,32200,6460,496,0
32,112700,15710,654,1
31,32600,1410,648,0
39,33800,8790,546,0
53,19300,3380,599,0
52,37600,9110,514,0
34,59800,10200,671,0
64,113300,27070,668,0
44,54800,15790,665,0
28,23800,2430,669,1
37,22400,6150,607,0
36,59400,10790,691,0
42,46300,1350,590,0
58,39000,2700,651,0
55,54200,7600,678,0
54,180900,44510,755,1
47,18500,4220,544,0
39,42500,5270,595,0
37,58000,9860,625,0
45,164000,15630,608,0
57,131400,18710,700,1
45,65300,6940,629,0
53,51300,11710,705,1
18,47000,9210,433,0
43,62900,11550,610,0
46,77000,8960,705,0
35,41100,11510,674,1
27,57300,13760,548,0
30,48900,10920,680,0
44,23800,580,611,0
37,61800,13650,635,0
30,87200,14500,556,0
29,75500,2400,499,1
30,41000,10670,590,0
47,20500,500,540,0
28,50100,6900,643,0
23,18000,1180,590,0
39,30300,5420,580,0
58,53500,1640,609,0
22,131000,24460,684,0
46,40900,5650,573,0
48,52800,11640,558,0
26,167000,36950,676,1
18,20600,2560,517,0
30,52200,760,553,0
38,25800,5020,556,0
21,56900,7760,468,1
41,73800,8050,635,1
55,57800,10020,593,0
30,43700,6500,650,0
23,106400,19830,648,0
28,37300,2830,560,0
34,69500,11100,508,0
36,30700,5490,627,0
57,71500,6870,681,0
28,67600,20420,619,0
37,39500,7340,525,0
33,18000,4070,594,1
20,29200,4020,530,0
50,58500,11360,592,0
24,29200,7970,509,0
46,47700,10130,606,0
55,32200,7430,603,0
52,110500,15770,746,1
55,46800,2380,701,0
49,88000,27570,739,0
43,46200,6410,652,0
57,49400,6380,561,0
26,51100,11000,644,0
29,83300,13010,660,1
33,59300,15060,645,0
36,253500,33340,732,0
28,74200,18470,618,0
35,35600,7890,637,0
25,30600,7210,502,0
25,61700,12780,621,0
37,74900,14100,675,1
31,74100,8180,593,0
52,30100,6560,608,0
40,104200,10330,647,1
27,84800,15840,723,1
40,22500,4370,578,0
38,102100,10120,708,1
63,84700,5200,609,0
28,18000,500,637,1
21,48700,4470,622,0
32,87600,17900,695,1
23,38800,5160,594,0
43,65400,5940,608,0
45,220900,38740,695,1
21,40700,7410,529,0
33,57900,13160,670,0
18,26900,6400,625,1
42,36500,4460,643,0
43,59700,7210,630,1
43,50300,9170,656,1
33,43400,950,495,0
25,41500,6680,656,0
38,51600,6060,644,0
37,63500,18290,648,0
22,65500,18110,669,0
40,44500,6490,557,0
35,62500,9850,589,0
45,22300,5130,598,0
58,21600,2970,487,0
37,25200,5760,566,0
30,107500,19500,609,1
18,38800,6350,496,0
18,66900,10180,605,0
33,30700,4500,587,0
43,73700,6770,676,1
50,26300,2950,599,1
50,67700,7610,623,0
31,18000,4050,592,0
62,74500,9170,539,0
36,67400,4150,673,1
45,24900,2210,576,0
18,23800,3690,547,0
39,32500,5880,562,0
42,51400,9940,730,1
35,49100,5920,559,0
29,57500,12320,603,0
20,73400,6630,600,1
43,68700,9110,699,1
36,42400,7350,609,0
64,82000,15680,659,1
22,110800,18580,655,1
35,52700,3050,541,0
40,50500,10820,622,0
26,91500,12400,732,1
43,18600,500,599,0
18,36200,8370,594,0
48,50900,9320,635,0
38,41800,7850,581,0
43,35400,4320,575,0
29,59600,6280,688,1
41,57300,11510,659,1
30,24400,3350,583,0
29,47100,5130,508,0
27,20600,2580,577,0
53,170400,34440,708,0
33,78200,18780,675,1
53,85100,12680,676,0
43,76800,13210,633,0
49,44000,9830,747,0
33,47900,12370,637,0
27,61400,11960,626,1
50,71500,8600,603,0
21,68400,15020,605,0
28,61700,10610,741,0
43,35200,4550,723,0
35,38700,5870,634,0
32,22600,2170,605,1
48,54500,6090,737,1
28,34400,7600,665,0
33,85000,9950,610,0
29,62100,14240,693,0
18,40100,6720,529,0
45,84900,10870,710,1
38,113300,5330,577,0
19,40000,9800,542,1
43,57000,13550,537,0
35,18000,4830,503,0
46,55200,11070,540,0
26,59300,12040,494,0
35,60900,4900,638,0
40,51300,6330,636,0
44,76200,2490,726,1
25,32500,3580,550,0
41,109400,19750,638,1
42,34200,3510,654,0
49,40300,9830,616,1
52,145000,27670,717,1
30,97000,23620,745,0
45,36300,12540,634,0
38,46300,12310,557,0
36,24000,2560,617,0
41,63700,500,550,0
40,133800,8920,719,1
60,83400,21100,698,0
26,47500,6060,573,0
32,63900,7160,479,0
42,64500,9930,608,0
43,27400,1410,636,0
60,62400,4990,699,1
48,53800,12490,601,0
36,148000,16850,688,1
18,33700,4540,611,0
43,54400,11070,624,0
56,134900,28720,616,0
35,50700,4390,572,1
28,64800,11370,614,0
54,74100,10460,604,0
40,71100,2650,730,1
38,86300,16860,724,1
19,44600,1460,642,1
31,41400,9020,547,0
44,96700,11080,643,0
50,24900,5250,585,0
47,53400,10470,550,0
62,74300,12330,632,1
63,52000,8540,584,1
26,79700,5490,676,0
33,73400,11380,554,0
48,40100,10340,648,1
35,84200,15030,581,0
39,78000,9980,725,0
38,49000,5000,598,0
34,41200,2040,583,1
29,45600,2470,639,1
31,18000,4090,540,0
48,50600,6630,671,0
55,35200,500,620,0
50,37100,8190,609,0
30,18000,500,438,0
32,85500,14440,517,0
48,78100,29180,746,0
57,171700,40210,793,0
45,47100,7680,661,0
20,60700,12340,662,1
63,59000,14440,541,1
31,34800,5650,512,0
36,48000,4130,613,1
43,36800,10150,590,0
37,21900,500,524,0
39,50900,9150,626,1
67,32000,4970,730,1
23,73500,3900,585,0
44,28400,3150,622,0
31,128100,17920,672,1
39,41100,4410,751,1
28,31400,3860,494,0
41,293500,57500,642,0
59,23100,3690,573,0
28,32300,890,626,0
49,93200,19710,636,0
33,65000,3270,670,1
52,65100,8230,739,1
50,36600,2940,556,0
30,39200,7990,531,0
34,20800,2220,558,0
19,84600,20370,636,0
43,20100,1420,665,0
43,50000,4850,654,1
41,20000,4060,602,0
40,51600,4380,608,0
28,31000,2310,622,1
40,34100,7110,626,0
43,45000,5610,509,0
65,37400,7610,597,0
31,23300,5930,591,0
23,34300,4400,555,0
32,60400,6450,611,1
59,30500,640,603,0
40,80800,14700,700,0
58,49800,9120,681,0
34,35500,3660,596,0
45,20700,5140,581,0
55,37400,5580,690,0
33,36400,6870,689,1
43,40400,3140,587,1
39,63100,7220,638,0
31,88400,9410,595,0
27,55200,9800,454,0
42,43100,9210,735,0
41,46000,11010,576,0
24,27600,6350,584,0
44,41400,6070,638,0
22,30500,3520,617,0
38,32000,7570,577,0
49,95700,18490,634,1
37,94900,12380,654,0
22,61800,14930,641,0
18,82800,9840,607,1
36,21100,6040,609,0
59,62800,8360,653,0
36,89800,13640,607,1
39,75500,16290,702,0
19,25800,2430,563,1
41,80400,18390,601,0
62,81000,15260,672,0
37,44700,5150,640,0
37,72000,19170,710,0
23,25200,1480,535,0
27,48100,10690,648,1
19,34800,3820,615,0
43,69600,12810,576,1
56,51600,15370,719,1
28,44100,5070,570,0
57,31600,1530,620,0
49,48600,10360,648,0
43,76000,15510,606,0
46,135400,22240,626,1
24,28000,2940,476,0
32,43600,7970,566,0
37,80800,7460,670,0
35,49800,3280,731,1
25,37500,5110,528,0
48,93300,27080,619,0
46,56800,13890,567,0
25,45700,920,693,0
56,59900,12030,582,0
39,34100,6710,573,1
44,88100,9560,648,0
24,60600,9180,586,0
28,27300,4610,582,0
34,34800,2220,597,0
42,91500,15280,601,0
41,117000,22260,559,0
41,38600,5430,585,0
40,29100,500,660,1
31,43500,7320,589,0
30,91300,20100,673,0
42,57700,18410,650,0
44,97200,19520,655,0
44,41500,1300,589,1
27,28700,4590,546,0
40,42200,5960,653,0
44,36500,9890,663,0
57,55000,650,541,0
31,30200,1260,682,1
44,26700,6170,674,0
27,24600,1300,501,0
42,94200,10850,724,1
28,78600,1010,632,0
33,45100,6780,488,0
18,18000,5000,593,0
36,47900,7540,603,0
18,56200,8670,662,1
49,34300,6480,558,0
55,49200,12170,544,0
44,127200,31550,683,1
36,53000,3380,556,0
67,21200,4210,630,0
33,21400,2220,689,0
21,143600,24010,661,1
27,47400,7480,556,0
39,45800,4550,595,0
47,60500,6250,688,0
42,234000,50450,597,0
33,84800,7350,638,1
46,83200,6920,635,0
35,97800,18870,804,1
37,22400,4360,654,0
32,28300,6220,566,0
39,76100,10960,850,1
50,34800,6260,573,0
30,52600,11590,692,1
51,108800,22740,598,0
52,62900,18690,721,0
27,66900,5800,660,0
39,34500,3430,542,1
54,59200,16670,570,0
36,64400,12400,657,0
46,41900,9940,642,0
46,81500,14720,745,1
32,49500,7480,676,1
51,274100,22830,715,0
63,57400,12070,531,0
38,53900,9250,713,0
47,140100,20900,672,1
51,68700,10710,545,0
64,85400,13790,670,0
48,40900,10600,647,0
18,19600,3540,564,1
59,105300,3410,670,1
48,56000,2420,631,0
23,46400,6490,561,0
27,58800,13730,583,0
41,113300,21210,636,1
43,205200,44790,757,1
49,21900,2520,510,0
67,68600,2800,726,1
60,83500,25490,679,0
46,35700,1800,587,1
28,59100,4650,716,1
38,33300,6490,517,0
26,67800,5050,559,1
63,55400,9250,665,0
21,33700,3990,512,0
45,63600,10460,621,0
47,34500,1800,622,0
39,63800,9080,667,1
44,53900,1880,560,0
46,43600,4010,642,1
61,90100,18670,640,1
32,33100,4080,505,0
48,74800,15410,596,0
40,18900,4390,596,0
40,79200,6940,598,0
31,25100,6250,518,0
56,34400,10430,518,0
23,61700,5010,740,1
30,35900,7280,614,0
53,62700,3660,745,0
18,48400,7620,574,0
43,46800,6010,451,0
45,50500,5400,591,0
60,94300,23980,673,0
51,20700,3310,597,0
48,66300,740,541,0
35,55200,12590,572,1
43,70000,18520,518,0
28,34200,7290,678,1
37,71600,11460,664,0
47,34600,7280,764,0
40,41900,2520,649,0
41,93300,15180,651,1
58,37100,12430,553,0
47,93700,12370,650,1
36,41300,7380,560,0
42,56300,13100,684,0
40,61700,10950,565,0
31,56700,1190,624,1
54,56300,9220,609,0
55,32100,6060,532,0
29,72200,6840,634,0
43,40100,5670,546,0
28,22100,1050,660,1
44,85200,18930,750,1
61,60700,11280,618,0
