FG_PCT_HOME,FG_PCT_AWAY,REB_HOME,REB_AWAY,AST_HOME,AST_AWAY,PTS_HOME,PTS_AWAY,WIN
0.444,0.396,57,37,29,21,100,119,0
0.588,0.485,36,55,20,16,132,127,1
0.533,0.568,32,46,34,25,101,130,0
0.5,0.533,52,37,23,27,114,122,0
0.389,0.552,57,36,34,19,116,113,1
0.389,0.515,43,59,26,20,95,134,0
0.365,0.523,53,36,33,28,129,103,1
0.567,0.562,39,32,34,26,137,128,1
0.5,0.412,45,30,17,18,128,139,0
0.527,0.472,45,33,29,20,122,105,1
0.355,0.405,51,54,16,24,96,95,1
0.592,0.597,39,34,16,32,95,136,0
0.558,0.586,54,30,17,29,137,126,1
0.403,0.36,42,44,20,22,134,92,1
0.395,0.526,35,34,29,23,81,94,0
0.396,0.581,41,42,24,19,83,106,0
0.426,0.395,38,37,23,24,100,83,1
0.481,0.492,42,37,15,34,118,95,1
0.458,0.579,33,34,30,20,113,109,1
0.423,0.358,53,57,20,30,109,123,0
0.503,0.524,40,38,23,17,85,109,0
0.385,0.424,49,30,18,24,96,115,0
0.423,0.581,47,33,16,25,118,82,1
0.442,0.593,55,32,18,25,104,101,1
0.464,0.586,40,31,15,31,84,128,0
0.546,0.469,54,37,33,18,84,101,0
0.4,0.566,50,52,24,18,99,129,0
0.479,0.561,33,38,29,31,95,136,0
0.498,0.43,47,31,33,23,130,129,1
0.362,0.557,30,43,30,33,120,134,0
0.502,0.359,56,43,18,19,116,139,0
0.393,0.499,36,33,16,20,119,128,0
0.366,0.408,35,59,27,17,88,91,0
0.587,0.38,44,35,15,15,84,134,0
0.591,0.369,47,40,31,34,121,100,1
0.552,0.524,53,32,27,30,136,135,1
0.426,0.435,40,37,18,25,81,83,0
0.374,0.531,49,32,21,27,88,110,0
0.521,0.366,53,43,31,24,122,123,0
0.46,0.429,44,57,23,17,115,110,1
0.381,0.485,45,42,18,23,101,137,0
0.474,0.548,36,42,33,26,101,102,0
0.359,0.43,50,31,15,28,101,133,0
0.577,0.506,39,42,24,15,113,132,0
0.415,0.571,55,58,18,32,134,99,1
0.516,0.504,41,48,23,31,108,94,1
0.428,0.408,53,56,27,23,117,102,1
0.48,0.356,43,35,28,23,138,107,1
0.487,0.568,54,45,24,24,125,95,1
0.396,0.355,34,31,20,33,112,116,0
0.592,0.569,55,37,30,29,97,100,0
0.544,0.482,50,46,20,19,86,94,0
0.585,0.585,47,52,31,29,80,96,0
0.574,0.55,34,31,24,34,112,129,0
0.499,0.599,32,39,32,16,80,116,0
0.58,0.438,52,57,32,27,103,92,1
0.372,0.542,55,45,17,30,83,98,0
0.399,0.45,34,35,34,29,83,109,0
0.361,0.47,53,57,29,24,97,124,0
0.431,0.507,46,31,29,28,106,97,1
0.447,0.568,48,31,18,24,122,93,1
0.418,0.596,48,55,23,28,138,115,1
0.557,0.542,54,42,33,23,111,115,0
0.439,0.454,50,53,31,28,112,99,1
0.42,0.455,41,44,25,17,107,131,0
0.486,0.534,54,57,23,34,121,98,1
0.385,0.41,58,31,24,30,120,124,0
0.551,0.378,38,36,32,16,134,123,1
0.369,0.439,30,32,34,24,115,86,1
0.597,0.422,47,37,27,17,139,136,1
0.543,0.424,50,52,22,25,85,123,0
0.4,0.408,33,43,21,25,95,132,0
0.351,0.361,39,53,31,27,113,83,1
0.554,0.354,54,59,29,21,102,138,0
0.527,0.597,36,52,34,31,129,113,1
0.532,0.457,51,56,29,16,121,81,1
0.543,0.446,52,51,15,26,103,84,1
0.369,0.52,30,58,28,24,135,134,1
0.44,0.405,46,36,19,32,128,89,1
0.379,0.587,53,50,25,25,92,111,0
0.566,0.547,58,36,30,30,135,121,1
0.506,0.372,58,30,16,31,97,120,0
0.433,0.454,31,46,22,33,133,92,1
0.366,0.57,57,38,25,32,92,118,0
0.428,0.586,55,59,32,17,128,84,1
0.431,0.467,40,50,17,30,116,137,0
0.532,0.503,38,42,15,20,122,89,1
0.509,0.392,36,50,25,26,118,89,1
0.572,0.598,51,48,30,25,121,117,1
0.468,0.408,46,50,32,29,96,106,0
0.38,0.586,46,48,30,29,94,139,0
0.528,0.512,31,54,24,30,97,130,0
0.54,0.502,35,54,32,24,102,100,1
0.49,0.478,43,51,20,26,133,87,1
0.543,0.408,35,46,33,27,130,80,1
0.473,0.394,31,52,18,18,109,107,1
0.481,0.405,30,52,27,21,137,128,1
0.457,0.397,39,59,28,16,113,118,0
0.356,0.545,50,39,17,29,137,93,1
0.377,0.438,34,39,24,22,83,100,0
0.358,0.364,31,33,20,21,82,109,0
0.509,0.592,51,37,15,29,86,100,0
0.429,0.571,45,51,28,28,135,128,1
0.477,0.582,54,49,22,22,97,88,1
0.577,0.599,31,49,33,26,121,96,1
0.412,0.393,39,47,28,27,86,84,1
0.453,0.449,31,43,24,25,119,137,0
0.539,0.54,45,47,31,31,85,136,0
0.407,0.524,45,57,23,31,101,110,0
0.369,0.388,48,43,20,18,137,131,1
0.422,0.554,58,49,25,22,80,119,0
0.39,0.406,36,50,21,19,83,117,0
0.582,0.406,51,53,31,30,125,122,1
0.552,0.484,41,44,15,18,128,98,1
0.508,0.498,53,51,19,29,131,115,1
0.568,0.495,44,59,23,26,129,129,0
0.551,0.373,37,33,32,19,122,112,1
0.397,0.569,35,42,16,30,108,92,1
0.573,0.416,57,56,25,28,100,93,1
0.485,0.382,56,52,20,24,105,135,0
0.552,0.572,39,37,22,21,93,112,0
0.574,0.589,32,47,18,27,88,108,0
0.43,0.566,48,41,32,34,138,122,1
0.378,0.552,46,52,25,19,126,128,0
0.407,0.514,36,43,19,17,91,115,0
0.457,0.488,50,31,29,29,121,137,0
0.555,0.372,49,47,32,18,130,123,1
0.565,0.452,55,53,16,29,135,89,1
0.352,0.443,33,31,25,28,130,110,1
0.478,0.415,43,40,27,34,85,85,0
0.454,0.531,49,38,18,33,99,136,0
0.406,0.474,51,41,21,27,103,80,1
0.38,0.37,44,46,25,24,106,86,1
0.434,0.405,53,44,18,19,117,137,0
0.586,0.521,37,54,29,34,87,106,0
0.431,0.369,50,46,15,34,80,100,0
0.48,0.563,44,55,17,20,133,107,1
0.526,0.474,51,58,28,18,128,95,1
0.441,0.47,49,55,20,16,128,135,0
0.593,0.498,57,47,32,30,103,125,0
0.591,0.556,43,51,15,32,126,102,1
0.413,0.437,56,35,20,19,86,131,0
0.474,0.52,58,46,20,18,98,99,0
0.425,0.491,38,52,30,27,101,117,0
0.421,0.417,37,53,19,33,136,133,1
0.359,0.57,55,47,31,16,134,104,1
0.502,0.549,57,37,24,27,139,107,1
0.476,0.515,55,38,32,25,114,84,1
0.363,0.563,46,35,21,18,109,135,0
0.42,0.567,31,34,17,34,108,100,1
0.577,0.527,54,41,27,34,101,97,1
0.41,0.559,53,54,29,29,90,126,0
0.386,0.524,59,58,34,18,99,85,1
0.472,0.52,32,57,33,23,108,136,0
0.596,0.505,37,40,17,21,130,108,1
0.411,0.538,41,54,18,33,120,98,1
0.518,0.39,30,30,19,33,121,112,1
0.54,0.57,39,40,15,20,113,80,1
0.409,0.568,49,48,18,20,80,124,0
0.532,0.357,32,38,26,34,110,82,1
0.442,0.556,35,56,24,29,109,121,0
0.508,0.382,36,31,34,29,127,100,1
0.508,0.434,49,41,27,34,97,114,0
0.484,0.536,52,33,28,23,134,120,1
0.373,0.39,54,33,19,18,137,119,1
0.559,0.554,56,47,18,32,96,82,1
0.43,0.558,47,44,28,32,117,104,1
0.397,0.477,40,48,24,19,93,124,0
0.36,0.352,48,42,31,34,102,117,0
0.498,0.422,34,48,24,25,104,124,0
0.519,0.504,48,46,21,19,94,134,0
0.354,0.595,40,35,30,18,125,99,1
0.478,0.508,53,45,15,26,135,131,1
0.407,0.415,41,53,31,16,101,123,0
0.511,0.509,39,41,23,27,82,124,0
0.394,0.485,37,48,20,24,135,113,1
0.523,0.545,53,34,33,23,134,100,1
0.447,0.377,57,46,27,24,98,135,0
0.584,0.54,57,55,17,21,136,134,1
0.384,0.485,38,52,21,18,123,127,0
0.435,0.591,33,55,23,33,113,102,1
0.378,0.435,34,58,19,24,114,85,1
0.581,0.508,50,30,24,17,129,130,0
0.569,0.583,37,57,31,33,80,132,0
0.414,0.376,52,56,26,16,131,92,1
0.515,0.584,38,54,30,34,100,128,0
0.554,0.522,44,53,17,24,108,102,1
0.489,0.367,44,52,23,16,85,88,0
0.482,0.425,45,39,29,16,116,96,1
0.41,0.527,43,44,19,31,80,81,0
0.373,0.367,37,52,27,30,130,98,1
0.574,0.496,47,50,28,30,80,98,0
0.575,0.436,39,50,34,28,106,135,0
0.508,0.505,57,40,29,21,100,86,1
0.435,0.361,49,42,30,25,132,133,0
0.437,0.568,35,34,27,15,95,121,0
0.531,0.593,41,30,31,25,123,121,1
0.574,0.592,31,53,22,18,138,138,0
0.572,0.537,36,41,16,21,133,99,1
0.545,0.383,45,40,19,29,119,88,1
0.511,0.54,32,46,20,32,105,96,1
0.371,0.356,42,33,26,26,95,106,0
0.39,0.356,32,44,32,31,107,126,0
0.575,0.431,56,54,15,15,80,81,0
0.502,0.472,47,59,31,25,115,115,0
0.352,0.543,40,38,25,15,89,98,0
0.375,0.521,37,50,24,29,122,96,1
0.516,0.461,35,49,33,24,96,84,1
0.351,0.418,30,48,28,21,136,118,1
0.39,0.599,57,48,24,16,138,97,1
0.487,0.457,30,41,29,24,102,132,0
0.523,0.463,52,34,33,18,86,133,0
0.513,0.391,37,39,18,26,123,138,0
0.406,0.549,34,46,16,33,132,86,1
0.528,0.523,57,34,23,25,86,96,0
0.409,0.405,45,51,24,22,123,118,1
0.431,0.371,40,45,25,32,94,115,0
0.537,0.52,34,36,28,25,113,119,0
0.512,0.514,33,57,21,25,125,124,1
0.562,0.418,59,38,29,27,124,83,1
0.514,0.588,35,32,33,17,83,117,0
0.492,0.388,43,44,29,26,93,104,0
0.373,0.458,51,45,22,17,93,84,1
0.442,0.586,48,47,25,24,95,109,0
0.416,0.455,38,43,23,31,86,91,0
0.411,0.51,41,32,29,16,111,83,1
0.593,0.449,40,41,15,31,98,103,0
0.448,0.419,43,38,15,30,81,108,0
0.573,0.596,52,57,33,16,89,88,1
0.508,0.452,45,36,17,34,129,83,1
0.549,0.574,30,38,24,20,96,130,0
0.476,0.407,42,42,22,24,116,103,1
0.494,0.403,52,47,29,24,91,93,0
0.473,0.358,50,34,24,22,85,84,1
0.399,0.513,50,42,15,15,101,97,1
0.531,0.442,59,33,32,27,111,121,0
0.42,0.566,42,31,16,23,120,136,0
0.356,0.468,31,45,33,24,99,98,1
0.511,0.592,33,38,27,29,80,91,0
0.394,0.396,57,38,15,19,133,97,1
0.585,0.567,35,35,16,30,126,96,1
0.588,0.544,55,40,30,27,132,109,1
0.579,0.543,56,51,29,34,137,103,1
0.443,0.561,52,53,27,32,85,90,0
0.354,0.54,56,51,30,25,98,114,0
0.582,0.507,34,30,31,23,97,102,0
0.457,0.383,54,33,21,30,85,96,0
0.592,0.358,32,42,31,16,124,80,1
0.591,0.58,30,52,21,16,112,94,1
0.563,0.504,33,42,27,26,102,111,0
0.424,0.549,54,42,19,22,102,139,0
0.446,0.47,49,31,31,23,105,88,1
0.563,0.379,31,38,17,26,92,94,0
0.429,0.381,55,53,21,23,86,107,0
0.392,0.521,59,37,31,24,94,103,0
0.489,0.458,59,36,21,16,123,139,0
0.584,0.4,34,33,15,30,106,114,0
0.524,0.473,32,47,31,34,105,101,1
0.493,0.366,58,32,31,21,112,106,1
0.374,0.495,57,57,25,16,94,98,0
0.504,0.417,58,35,17,15,115,124,0
0.598,0.549,38,41,29,33,124,91,1
0.385,0.428,49,41,25,18,134,99,1
0.48,0.464,35,50,30,16,106,80,1
0.569,0.353,47,57,23,28,136,100,1
0.535,0.368,35,37,15,16,84,128,0
0.524,0.448,48,51,30,29,81,124,0
0.526,0.47,57,51,23,26,134,80,1
0.44,0.5,41,30,33,19,137,89,1
0.423,0.423,54,33,26,34,112,126,0
0.552,0.524,40,50,33,21,95,138,0
0.553,0.565,31,57,23,24,102,138,0
0.567,0.545,44,40,21,28,117,111,1
0.578,0.36,41,32,28,28,134,118,1
0.478,0.47,41,42,33,19,95,139,0
0.475,0.376,38,54,33,32,93,101,0
0.55,0.411,50,46,16,28,108,97,1
0.512,0.597,53,51,23,16,105,127,0
0.525,0.386,31,51,27,26,114,125,0
0.549,0.475,51,39,29,20,94,111,0
0.573,0.505,32,50,17,18,82,106,0
0.434,0.526,41,41,25,27,102,107,0
0.444,0.49,57,44,28,18,108,97,1
0.373,0.352,59,50,22,28,113,138,0
0.495,0.432,55,39,32,30,112,118,0
0.359,0.479,45,43,33,18,120,128,0
0.466,0.372,50,42,30,15,120,108,1
0.486,0.438,57,34,16,27,102,97,1
0.422,0.358,53,35,22,18,86,123,0
0.498,0.37,55,53,20,34,82,87,0
0.358,0.449,59,31,26,32,137,133,1
0.359,0.383,30,51,29,20,111,110,1
0.556,0.492,50,46,22,17,110,113,0
0.44,0.522,32,33,18,27,97,86,1
0.382,0.55,49,43,29,30,122,115,1
0.481,0.4,31,39,34,19,86,97,0
0.542,0.392,38,32,31,18,120,139,0
0.404,0.376,48,54,27,22,80,117,0
0.506,0.509,44,32,32,33,93,138,0
0.371,0.527,47,44,16,28,131,88,1
0.363,0.358,55,35,27,21,111,138,0
0.483,0.584,40,46,27,28,85,88,0
0.485,0.363,54,41,29,20,118,125,0
0.509,0.485,52,51,34,26,89,87,1
0.532,0.527,45,49,24,30,86,130,0
0.594,0.568,51,53,17,31,105,114,0
0.479,0.529,46,58,33,27,113,97,1
0.431,0.55,34,40,17,28,109,84,1
0.549,0.435,41,54,28,21,115,93,1
0.418,0.554,40,33,22,28,100,107,0
0.46,0.37,59,55,18,29,139,109,1
0.37,0.574,44,57,34,26,96,83,1
0.356,0.487,56,55,25,31,112,118,0
0.591,0.554,32,35,25,23,89,99,0
0.559,0.463,30,30,25,29,130,104,1
0.524,0.511,49,49,16,26,126,107,1
0.452,0.482,58,52,31,16,121,91,1
0.393,0.533,45,57,23,19,130,81,1
0.389,0.37,31,45,16,27,91,122,0
0.413,0.365,31,44,29,34,135,93,1
0.487,0.412,32,46,30,22,95,101,0
0.529,0.39,37,37,18,28,120,110,1
0.515,0.568,53,57,22,29,111,102,1
0.42,0.405,57,55,23,25,94,127,0
0.589,0.594,44,41,19,15,106,99,1
0.534,0.434,36,56,30,17,107,117,0
0.489,0.396,35,51,27,31,96,134,0
0.503,0.547,38,50,21,33,125,83,1
0.455,0.515,49,39,34,28,138,94,1
0.412,0.475,57,56,31,22,129,103,1
0.439,0.489,30,44,17,27,137,104,1
0.539,0.53,37,59,19,34,81,80,1
0.354,0.407,52,38,33,17,115,86,1
0.379,0.599,52,31,26,19,129,136,0
0.362,0.594,32,34,21,23,86,110,0
0.36,0.513,33,35,23,20,92,91,1
0.564,0.4,55,36,20,16,94,121,0
0.526,0.52,54,50,31,27,104,84,1
0.469,0.368,44,54,30,19,102,123,0
0.374,0.358,35,30,17,22,139,129,1
0.473,0.414,44,52,18,15,101,121,0
0.468,0.466,50,55,24,34,105,117,0
0.393,0.567,32,36,19,26,112,139,0
0.458,0.532,54,49,24,25,90,91,0
0.45,0.536,50,54,26,21,89,118,0
0.504,0.456,50,59,24,29,104,97,1
0.509,0.436,43,41,27,25,116,81,1
0.361,0.443,49,45,25,30,127,89,1
0.444,0.597,43,45,30,17,122,94,1
0.506,0.36,33,40,22,34,132,109,1
0.476,0.567,41,50,22,28,117,123,0
0.564,0.495,46,33,22,17,120,137,0
0.515,0.46,36,42,27,15,124,96,1
0.391,0.531,38,36,16,29,103,83,1
0.368,0.472,32,33,26,15,119,86,1
0.511,0.568,57,44,24,31,125,120,1
0.357,0.575,42,48,26,16,135,110,1
0.496,0.455,44,38,25,34,112,130,0
0.585,0.419,47,40,29,20,96,139,0
0.494,0.498,48,37,30,22,103,138,0
0.447,0.578,30,30,31,30,116,134,0
0.511,0.403,35,52,16,33,136,118,1
0.465,0.506,56,54,32,15,81,134,0
0.486,0.508,56,53,26,17,111,113,0
0.585,0.533,52,37,33,17,136,85,1
0.447,0.383,56,42,32,19,139,129,1
0.59,0.529,56,51,31,26,103,117,0
0.576,0.577,31,56,20,26,88,124,0
0.399,0.395,53,33,29,34,83,137,0
0.367,0.409,43,37,17,27,96,130,0
0.375,0.593,35,32,20,34,96,113,0
0.355,0.395,43,58,17,23,132,123,1
0.374,0.564,33,38,15,21,129,94,1
0.521,0.473,50,58,27,18,127,93,1
0.368,0.412,37,31,28,33,109,85,1
0.43,0.568,59,31,27,33,119,129,0
0.561,0.461,32,57,18,20,137,116,1
0.356,0.479,48,42,21,27,90,129,0
0.554,0.44,59,44,24,25,100,111,0
0.42,0.498,43,57,21,27,100,82,1
0.38,0.391,56,52,29,27,97,82,1
0.524,0.448,49,41,29,34,134,101,1
0.507,0.592,46,55,18,29,108,101,1
0.569,0.415,54,33,20,27,103,89,1
0.534,0.514,37,55,34,25,89,130,0
0.551,0.431,53,37,19,33,124,82,1
0.421,0.543,43,38,34,22,96,91,1
0.394,0.383,55,52,26,34,97,108,0
0.538,0.592,35,34,15,22,121,127,0
0.552,0.463,52,53,22,24,127,96,1
0.598,0.409,51,49,15,30,99,86,1
0.453,0.368,45,47,19,33,116,92,1
0.443,0.392,54,40,20,25,124,135,0
0.544,0.48,48,44,17,27,97,81,1
0.435,0.434,43,57,29,23,96,83,1
0.583,0.557,48,51,19,34,88,89,0
0.565,0.458,32,38,28,33,93,118,0
0.457,0.412,39,46,32,30,128,103,1
0.538,0.504,48,56,30,21,108,96,1
0.539,0.527,38,55,20,33,110,131,0
0.376,0.392,57,41,28,26,83,85,0
0.576,0.392,49,36,22,29,97,98,0
0.476,0.359,42,39,21,28,138,84,1
0.557,0.534,36,54,22,25,99,111,0
0.43,0.516,43,55,27,24,135,89,1
0.574,0.469,38,54,20,25,135,88,1
0.447,0.561,56,39,32,20,126,106,1
0.353,0.551,57,56,16,16,122,92,1
0.576,0.496,52,42,22,25,123,98,1
0.373,0.567,54,48,25,33,88,100,0
0.43,0.401,57,40,15,20,92,103,0
0.588,0.378,48,42,20,28,94,117,0
0.588,0.417,44,50,30,34,106,83,1
0.493,0.364,49,37,34,20,94,103,0
0.508,0.483,43,37,26,31,107,138,0
0.462,0.584,53,33,25,24,116,114,1
0.423,0.36,35,44,24,15,134,82,1
0.432,0.381,50,57,17,17,98,83,1
0.518,0.463,58,40,27,22,105,136,0
0.538,0.583,33,40,17,22,131,116,1
0.548,0.429,37,30,29,34,105,119,0
0.547,0.477,46,46,30,29,104,127,0
0.373,0.36,59,44,27,21,105,133,0
0.474,0.387,38,49,31,25,105,114,0
0.364,0.597,30,35,17,21,125,110,1
0.487,0.591,53,53,34,18,107,135,0
0.46,0.351,49,51,25,26,128,123,1
0.572,0.588,54,57,33,20,97,104,0
0.438,0.51,43,54,25,28,111,119,0
0.379,0.567,40,44,30,26,132,92,1
0.386,0.464,50,38,17,25,82,83,0
0.54,0.479,32,43,20,33,81,125,0
0.505,0.472,38,47,28,19,112,93,1
0.375,0.517,56,55,32,28,121,92,1
0.371,0.385,43,46,31,30,98,106,0
0.525,0.357,59,47,18,27,96,85,1
0.368,0.427,38,34,29,34,123,96,1
0.555,0.526,33,49,25,18,112,115,0
0.527,0.4,56,49,17,25,91,119,0
0.37,0.518,33,38,17,31,128,128,0
0.371,0.592,57,40,30,21,135,114,1
0.597,0.373,37,53,19,28,82,96,0
0.444,0.518,31,51,24,25,122,120,1
0.443,0.461,38,30,33,23,128,81,1
0.553,0.567,58,47,18,27,134,136,0
0.587,0.394,43,35,33,32,105,92,1
0.597,0.523,51,56,25,25,114,131,0
0.538,0.56,38,31,16,29,87,81,1
0.444,0.586,53,44,24,33,131,131,0
0.371,0.521,52,58,25,15,115,107,1
0.544,0.474,45,55,34,18,132,122,1
0.49,0.504,58,50,30,28,133,138,0
0.456,0.567,59,43,33,28,86,105,0
0.577,0.493,46,34,25,17,125,101,1
0.378,0.358,45,35,28,31,125,126,0
0.473,0.583,59,35,16,17,115,122,0
0.353,0.522,41,59,19,30,95,134,0
0.467,0.519,32,51,19,28,103,82,1
0.364,0.404,40,59,33,34,133,114,1
0.38,0.515,43,47,26,27,80,139,0
0.379,0.448,47,43,32,29,128,137,0
0.512,0.513,50,39,18,28,104,91,1
0.537,0.377,50,43,31,33,89,103,0
0.496,0.514,34,42,24,20,133,84,1
0.591,0.6,45,59,34,24,95,99,0
0.444,0.362,49,32,20,29,95,118,0
0.421,0.594,34,59,28,34,137,118,1
0.567,0.452,32,35,25,20,87,92,0
0.406,0.568,41,58,25,24,108,120,0
0.591,0.546,30,37,32,21,118,136,0
0.353,0.492,50,41,32,31,107,132,0
0.592,0.535,58,42,25,32,85,124,0
0.361,0.57,38,40,26,31,95,91,1
0.573,0.451,58,41,19,23,99,92,1
0.482,0.432,38,30,23,24,95,135,0
0.598,0.517,33,46,23,24,86,89,0
0.368,0.552,32,45,24,21,120,112,1
0.488,0.541,46,40,33,30,93,136,0
0.592,0.549,31,42,15,32,122,119,1
0.481,0.459,53,47,21,20,105,133,0
0.507,0.554,30,40,18,34,105,95,1
0.524,0.38,37,57,15,15,93,124,0
0.464,0.486,42,41,29,15,86,114,0
0.507,0.351,52,35,22,26,112,82,1
0.496,0.431,44,38,26,16,105,135,0
0.575,0.442,37,45,32,18,136,84,1
0.361,0.449,41,33,29,31,124,105,1
0.42,0.524,51,32,31,18,99,90,1
0.588,0.447,41,57,28,25,82,86,0
0.573,0.462,43,45,28,18,131,132,0
0.464,0.409,44,53,32,15,83,135,0
0.505,0.443,44,56,34,21,105,89,1
0.419,0.407,38,55,32,32,90,121,0
0.397,0.368,48,59,30,23,81,131,0
0.466,0.501,55,54,15,17,93,113,0
0.438,0.517,49,41,25,22,123,82,1
0.496,0.505,58,40,29,33,109,87,1
0.369,0.466,51,34,26,18,128,110,1
0.594,0.445,37,54,22,32,91,90,1
0.597,0.566,50,47,34,34,105,124,0
0.525,0.48,48,48,20,25,123,86,1
0.484,0.47,35,52,17,28,112,124,0
0.427,0.356,49,52,27,32,92,81,1
0.553,0.435,54,35,27,30,93,85,1
0.521,0.445,58,51,16,17,103,120,0
0.391,0.45,48,47,19,29,113,111,1
0.578,0.495,33,55,31,18,123,99,1
0.556,0.483,52,35,20,19,105,136,0
0.587,0.502,36,33,16,31,100,113,0
0.531,0.541,57,41,18,21,107,129,0
0.503,0.553,57,48,25,30,127,95,1
0.455,0.53,33,58,22,28,115,104,1
0.583,0.589,51,56,26,30,119,91,1
0.567,0.355,41,58,22,21,81,86,0
0.361,0.399,42,31,25,23,121,118,1
0.357,0.352,32,46,34,18,88,96,0
0.444,0.512,51,40,22,25,102,124,0
0.553,0.575,41,40,22,16,94,90,1
0.597,0.411,31,50,31,26,92,85,1
0.388,0.582,53,45,34,26,102,102,0
0.499,0.365,31,31,34,18,96,106,0
0.445,0.584,56,31,30,32,127,125,1
0.592,0.438,52,52,28,21,139,85,1
0.561,0.375,38,37,25,15,81,117,0
0.56,0.471,30,42,21,27,99,81,1
0.467,0.414,37,39,30,20,99,101,0
0.454,0.421,52,37,27,20,138,99,1
0.418,0.427,35,59,29,26,125,104,1
0.364,0.551,35,33,30,22,82,94,0
0.566,0.485,51,44,23,33,134,139,0
0.553,0.428,54,59,17,19,91,128,0
0.6,0.503,47,30,33,32,119,108,1
0.599,0.529,46,40,34,19,81,87,0
0.489,0.418,58,36,19,24,115,116,0
0.542,0.453,41,46,24,15,93,128,0
0.586,0.38,35,56,31,24,95,131,0
0.562,0.395,55,49,29,19,98,112,0
0.412,0.52,56,53,22,26,113,101,1
0.463,0.395,37,47,29,21,123,129,0
0.382,0.481,48,51,28,23,125,126,0
0.589,0.527,57,58,34,26,85,84,1
0.502,0.377,39,51,21,15,92,118,0
0.407,0.492,30,41,26,25,115,97,1
0.518,0.414,54,38,31,29,101,117,0
0.505,0.591,58,34,31,16,97,133,0
0.44,0.471,42,39,24,34,91,132,0
0.378,0.551,46,33,33,21,131,116,1
0.518,0.488,32,34,28,26,138,109,1
0.48,0.361,37,57,25,32,133,130,1
0.543,0.508,43,57,16,17,109,110,0
0.48,0.588,32,39,32,21,132,89,1
0.563,0.5,45,40,21,25,130,94,1
0.488,0.555,42,50,26,32,119,121,0
0.49,0.571,49,53,16,26,86,138,0
0.569,0.407,53,39,34,20,111,127,0
0.451,0.403,46,57,32,19,127,123,1
0.384,0.503,42,37,20,15,98,97,1
0.357,0.453,58,31,24,26,85,102,0
0.539,0.56,35,52,34,25,99,112,0
0.505,0.575,46,37,29,18,106,95,1
0.526,0.438,43,45,19,32,132,133,0
0.403,0.409,46,56,34,18,122,117,1
0.384,0.545,59,51,17,31,116,114,1
0.354,0.419,37,34,19,16,127,113,1
0.438,0.556,40,56,22,16,86,107,0
0.497,0.456,49,54,22,26,138,81,1
0.448,0.517,57,58,22,20,84,109,0
0.459,0.374,30,32,26,24,90,92,0
0.576,0.506,55,41,22,30,94,120,0
0.437,0.463,36,42,25,28,82,95,0
0.478,0.497,50,42,28,21,137,138,0
0.546,0.392,50,39,22,33,84,84,0
0.449,0.534,46,33,24,31,102,134,0
0.506,0.566,59,38,21,23,132,107,1
0.566,0.404,39,51,31,27,116,132,0
0.587,0.374,40,53,18,19,88,118,0
0.387,0.356,51,52,27,19,94,124,0
0.582,0.51,59,56,18,24,82,99,0
0.473,0.502,38,31,19,24,108,103,1
0.415,0.487,38,48,18,21,85,106,0
0.465,0.408,53,30,32,29,96,109,0
0.595,0.448,34,54,20,21,105,137,0
0.473,0.499,46,58,16,29,100,124,0
0.432,0.474,38,36,25,17,87,106,0
0.508,0.597,46,46,28,33,100,105,0
0.41,0.384,53,32,19,24,136,86,1
0.369,0.524,50,49,20,29,90,121,0
0.382,0.451,48,49,24,17,117,126,0
0.382,0.457,56,50,22,20,87,132,0
0.388,0.529,36,59,28,26,121,138,0
0.385,0.523,52,32,17,29,103,117,0
0.51,0.598,38,32,26,20,114,84,1
0.395,0.382,36,46,30,27,134,102,1
0.436,0.376,42,36,31,33,93,107,0
0.574,0.531,40,56,15,17,134,113,1
0.468,0.495,43,55,24,22,93,132,0
0.517,0.419,48,43,24,22,89,94,0
0.393,0.37,40,46,16,34,91,111,0
0.398,0.371,42,47,23,29,117,105,1
0.36,0.574,43,42,27,18,123,127,0
0.392,0.398,42,49,30,33,134,110,1
0.42,0.431,30,58,32,17,125,98,1
0.394,0.407,37,49,33,27,113,88,1
0.372,0.439,41,50,26,22,120,108,1
0.38,0.367,48,56,22,30,89,133,0
0.465,0.48,41,47,31,27,137,137,0
0.402,0.367,37,33,29,17,96,130,0
0.441,0.55,37,30,24,30,96,118,0
0.476,0.408,58,47,29,23,82,83,0
0.523,0.485,50,30,29,28,110,82,1
0.36,0.57,42,55,21,27,130,135,0
0.55,0.513,41,55,27,21,80,108,0
0.507,0.483,58,42,31,29,91,131,0
0.37,0.431,45,49,23,21,118,90,1
0.568,0.433,30,49,22,20,83,112,0
0.58,0.517,42,52,34,16,121,117,1
0.365,0.599,55,39,32,23,92,137,0
0.419,0.515,36,56,27,31,113,90,1
0.552,0.489,57,40,30,19,121,106,1
0.537,0.533,55,38,23,26,100,112,0
0.396,0.466,34,38,26,15,101,100,1
0.402,0.365,37,34,26,24,136,118,1
0.443,0.491,54,55,20,25,83,110,0
0.471,0.589,56,30,33,30,97,117,0
0.505,0.394,43,46,21,28,84,125,0
0.442,0.523,52,51,17,22,98,81,1
0.466,0.4,59,31,30,31,81,106,0
0.537,0.484,42,53,32,32,91,115,0
0.359,0.374,44,42,30,26,96,90,1
0.413,0.463,52,38,21,31,89,126,0
0.528,0.539,46,58,18,28,113,97,1
0.574,0.437,44,33,22,30,85,138,0
0.478,0.516,49,34,27,28,87,80,1
0.483,0.549,47,40,27,23,130,114,1
0.377,0.582,47,53,31,18,90,114,0
0.462,0.409,31,48,31,25,136,110,1
0.483,0.45,33,50,19,20,91,107,0
0.411,0.388,59,32,20,29,88,118,0
0.417,0.598,30,41,33,19,81,80,1
0.444,0.582,33,55,27,25,87,104,0
0.355,0.485,47,48,28,32,137,122,1
0.431,0.561,34,48,18,27,90,117,0
0.403,0.48,48,42,21,25,139,99,1
0.432,0.506,44,57,22,28,132,82,1
0.38,0.372,57,36,27,32,115,130,0
0.573,0.539,37,44,20,33,89,81,1
0.498,0.382,49,52,20,29,100,97,1
0.52,0.557,46,36,17,23,99,123,0
0.547,0.546,30,55,17,22,127,89,1
0.475,0.527,41,37,27,34,87,84,1
0.372,0.359,55,34,16,15,115,88,1
0.484,0.426,48,50,30,18,108,81,1
0.497,0.416,44,43,20,28,121,113,1
0.536,0.44,38,33,22,16,91,139,0
0.458,0.372,36,52,22,30,93,117,0
0.382,0.584,31,39,20,17,127,110,1
0.421,0.488,58,49,28,22,133,89,1
0.441,0.426,38,44,17,20,129,129,0
0.511,0.449,39,47,24,30,100,91,1
0.493,0.462,31,49,17,30,101,115,0
0.439,0.5,48,42,26,21,100,133,0
0.597,0.479,40,58,31,27,123,100,1
0.501,0.58,42,37,19,27,129,128,1
0.409,0.474,39,38,34,19,109,126,0
0.375,0.598,43,45,23,34,118,85,1
0.388,0.563,47,48,34,32,99,127,0
0.411,0.402,48,45,21,29,103,128,0
0.39,0.583,51,36,18,32,102,82,1
0.397,0.379,38,43,27,16,86,89,0
0.421,0.554,54,57,27,24,88,84,1
0.393,0.445,36,43,24,27,80,125,0
0.574,0.569,57,54,32,32,105,105,0
0.37,0.567,32,56,31,29,117,100,1
0.481,0.551,49,33,34,26,117,124,0
0.453,0.548,35,55,34,29,133,105,1
0.596,0.426,56,44,27,27,123,117,1
0.378,0.37,50,32,31,32,101,123,0
0.449,0.451,31,34,18,29,123,105,1
0.592,0.393,58,30,15,25,89,87,1
0.566,0.524,35,32,15,33,134,84,1
0.554,0.437,32,44,29,17,137,94,1
0.414,0.594,45,53,27,21,85,138,0
0.393,0.51,59,56,31,28,96,95,1
0.517,0.556,37,37,22,28,130,80,1
0.582,0.383,31,58,32,27,129,95,1
0.489,0.566,46,33,27,26,117,116,1
0.493,0.581,38,31,28,23,103,82,1
0.42,0.472,59,58,22,15,130,131,0
0.542,0.502,41,53,22,33,89,126,0
0.397,0.541,32,53,29,25,135,110,1
0.431,0.394,40,39,27,33,87,92,0
0.456,0.476,30,33,21,32,100,135,0
0.477,0.45,52,32,19,26,135,95,1
0.411,0.387,42,31,31,15,85,134,0
0.379,0.442,44,54,30,33,100,122,0
0.503,0.367,55,46,16,34,136,100,1
0.422,0.356,34,52,32,31,118,81,1
0.495,0.384,50,50,31,19,103,133,0
0.389,0.591,59,53,21,17,112,106,1
0.47,0.487,46,49,27,16,138,117,1
0.483,0.591,54,52,32,17,97,105,0
0.363,0.458,52,42,28,22,135,137,0
0.434,0.428,53,34,32,30,107,138,0
0.384,0.477,54,59,27,20,136,117,1
0.366,0.46,35,50,25,27,131,125,1
0.597,0.376,57,59,30,30,111,104,1
0.431,0.51,50,38,31,30,91,90,1
0.552,0.404,51,54,22,17,127,87,1
0.414,0.505,40,58,33,27,121,87,1
0.52,0.513,47,54,34,28,106,112,0
0.54,0.388,33,57,29,22,89,132,0
0.499,0.365,32,51,23,26,125,86,1
0.468,0.545,42,35,34,22,136,117,1
0.453,0.465,52,34,24,23,131,100,1
0.437,0.365,38,54,26,15,121,87,1
0.582,0.599,50,39,34,20,111,130,0
0.558,0.364,35,37,15,33,121,133,0
0.591,0.524,55,36,34,25,105,100,1
0.381,0.596,59,36,23,25,104,135,0
0.533,0.41,57,35,29,27,90,99,0
0.585,0.386,41,50,15,25,102,87,1
0.395,0.38,31,58,26,32,113,137,0
0.367,0.426,32,49,17,29,136,125,1
0.535,0.375,32,32,25,15,131,110,1
0.494,0.523,57,48,16,21,119,129,0
0.56,0.366,41,51,30,27,102,136,0
0.385,0.477,44,44,23,26,108,108,0
0.549,0.599,38,33,29,32,110,127,0
0.4,0.553,52,57,26,33,86,88,0
0.391,0.504,37,41,15,29,119,94,1
0.391,0.427,40,35,27,22,112,109,1
0.554,0.506,45,48,28,33,100,105,0
0.516,0.482,55,33,22,24,81,89,0
0.481,0.457,56,44,22,21,97,108,0
0.44,0.383,54,38,26,32,126,133,0
0.569,0.572,51,34,15,30,112,95,1
0.448,0.462,33,42,25,34,116,115,1
0.554,0.399,57,52,22,20,113,99,1
0.46,0.442,30,55,24,23,99,124,0
0.444,0.454,53,47,33,27,114,133,0
0.466,0.557,36,59,25,22,130,116,1
0.425,0.533,31,59,21,30,129,101,1
0.537,0.542,53,34,25,27,133,86,1
0.476,0.353,57,54,31,27,97,102,0
0.408,0.454,34,45,15,31,125,120,1
0.575,0.47,36,56,22,34,103,119,0
0.446,0.355,33,48,20,19,87,108,0
0.486,0.415,34,43,32,31,109,95,1
0.577,0.54,53,54,20,23,123,117,1
0.506,0.384,30,59,19,16,132,107,1
0.379,0.484,30,45,27,32,89,127,0
0.585,0.404,44,56,33,23,102,117,0
0.507,0.353,49,44,22,20,131,110,1
0.434,0.41,48,51,23,25,128,93,1
0.385,0.594,58,33,31,20,90,132,0
0.549,0.55,39,36,17,20,81,112,0
0.505,0.59,57,45,33,27,137,136,1
0.483,0.472,47,53,25,25,105,88,1
0.573,0.377,57,51,31,28,115,136,0
0.547,0.487,32,50,33,16,112,106,1
0.388,0.464,40,51,16,22,126,103,1
0.428,0.561,44,50,22,17,92,92,0
0.412,0.375,56,37,33,17,119,105,1
0.536,0.472,59,46,21,15,104,108,0
0.358,0.388,40,45,31,33,83,130,0
0.492,0.431,46,56,20,32,121,128,0
0.541,0.534,46,52,33,31,98,122,0
0.569,0.469,35,39,20,34,97,107,0
0.436,0.444,34,39,16,27,116,107,1
0.555,0.449,37,56,20,17,109,87,1
0.378,0.465,31,31,19,15,98,102,0
0.562,0.546,45,59,33,18,137,108,1
0.382,0.573,49,38,34,27,102,84,1
0.449,0.589,53,46,18,31,138,121,1
0.549,0.547,41,40,31,25,133,86,1
0.387,0.429,35,39,25,16,95,121,0
0.407,0.522,30,51,18,30,80,115,0
0.531,0.459,33,54,27,16,91,120,0
0.53,0.414,46,46,34,33,103,106,0
0.51,0.56,42,33,31,33,113,137,0
0.523,0.36,47,45,23,30,132,125,1
0.486,0.575,34,49,18,33,136,81,1
0.413,0.465,59,44,28,23,87,104,0
0.436,0.509,53,54,33,15,97,88,1
0.395,0.515,53,56,17,24,136,132,1
0.577,0.574,56,50,28,33,127,106,1
0.496,0.509,32,34,22,15,84,80,1
0.45,0.503,40,35,15,16,105,102,1
0.466,0.367,42,46,24,30,109,89,1
0.587,0.48,33,30,32,26,133,121,1
0.388,0.388,55,54,30,22,92,131,0
0.497,0.534,56,48,22,32,98,104,0
0.476,0.478,43,33,15,16,108,133,0
0.503,0.52,51,46,26,27,82,82,0
0.355,0.36,40,38,22,20,105,85,1
0.568,0.371,56,53,30,20,119,137,0
0.583,0.529,39,31,32,23,138,85,1
0.491,0.368,48,37,18,30,137,132,1
0.524,0.368,47,44,20,25,137,81,1
0.581,0.353,35,36,26,21,91,137,0
0.527,0.589,56,56,23,24,81,137,0
0.388,0.534,58,35,29,24,90,97,0
0.494,0.438,44,30,30,34,123,102,1
0.502,0.424,50,44,26,32,107,81,1
0.456,0.437,59,52,28,34,97,91,1
0.534,0.544,39,55,27,23,92,101,0
0.584,0.515,34,36,16,29,116,116,0
0.581,0.396,55,58,17,18,101,99,1
0.463,0.394,58,59,24,22,91,118,0
0.378,0.375,34,54,23,23,81,103,0
0.596,0.515,39,46,34,27,116,127,0
0.56,0.541,57,31,22,23,86,99,0
0.381,0.416,34,56,24,18,105,80,1
0.58,0.355,32,38,33,31,105,80,1
0.567,0.371,52,58,17,30,103,96,1
0.48,0.592,35,38,19,29,91,138,0
0.498,0.424,33,42,17,17,95,80,1
0.45,0.542,47,35,30,34,102,132,0
0.364,0.506,57,35,31,19,119,131,0
0.434,0.445,38,49,29,19,139,124,1
0.551,0.401,46,49,17,34,88,109,0
0.351,0.38,58,50,26,29,111,120,0
0.433,0.504,42,32,23,32,94,126,0
0.45,0.544,56,46,26,29,116,82,1
0.484,0.511,44,46,29,16,92,125,0
0.58,0.483,59,41,16,27,84,134,0
0.437,0.36,49,45,32,18,90,90,0
0.437,0.592,46,44,34,24,89,103,0
0.534,0.55,42,42,26,27,131,101,1
0.463,0.423,45,52,18,24,92,123,0
0.406,0.595,51,30,30,23,120,124,0
0.463,0.5,33,46,30,22,132,105,1
0.385,0.496,34,32,15,17,125,92,1
0.394,0.537,34,55,16,30,129,80,1
0.475,0.553,38,44,17,28,94,103,0
0.455,0.514,46,33,34,23,121,89,1
0.579,0.382,42,33,31,25,135,114,1
0.441,0.435,31,47,34,17,86,103,0
0.495,0.582,42,46,15,19,119,107,1
0.508,0.406,51,48,34,24,107,115,0
0.353,0.443,50,40,20,27,111,95,1
0.516,0.458,56,49,29,18,114,119,0
0.395,0.46,52,32,28,27,94,95,0
0.59,0.503,48,37,34,26,127,138,0
0.387,0.586,32,43,29,19,115,96,1
0.454,0.41,39,55,28,24,100,130,0
0.371,0.38,31,30,19,23,85,133,0
0.599,0.399,42,43,20,34,80,94,0
0.476,0.572,48,31,31,21,83,95,0
0.499,0.511,55,58,25,16,90,94,0
0.367,0.421,46,52,30,21,123,136,0
0.537,0.554,50,33,26,22,105,113,0
0.402,0.565,43,53,29,21,116,90,1
0.575,0.562,41,56,18,28,102,80,1
0.401,0.58,50,58,32,33,108,94,1
0.398,0.413,41,48,17,19,100,105,0
0.359,0.539,40,35,22,32,127,130,0
0.468,0.465,36,54,17,34,124,83,1
0.491,0.56,33,30,22,26,124,122,1
0.366,0.532,48,46,32,31,128,84,1
0.544,0.544,30,37,24,27,106,114,0
0.463,0.514,57,48,34,16,118,92,1
0.481,0.394,53,50,31,27,119,89,1
0.46,0.486,58,30,22,21,92,90,1
0.45,0.596,32,34,25,24,102,97,1
0.49,0.584,42,56,19,20,138,113,1
0.389,0.361,44,45,27,17,95,118,0
0.395,0.391,31,35,19,17,109,120,0
0.565,0.383,40,37,27,32,83,121,0
0.587,0.531,33,42,20,25,119,129,0
0.443,0.554,48,45,19,34,95,102,0
0.418,0.403,58,59,23,19,110,86,1
0.511,0.476,46,32,30,33,132,138,0
0.452,0.56,32,48,16,33,121,118,1
0.356,0.533,57,41,15,29,104,82,1
0.389,0.486,47,45,22,30,123,91,1
0.529,0.498,37,56,33,23,91,86,1
0.515,0.477,51,40,25,18,105,128,0
0.357,0.424,54,39,26,29,116,105,1
0.405,0.491,53,54,26,26,127,112,1
0.408,0.522,55,49,21,17,112,116,0
0.518,0.568,48,33,27,28,107,127,0
0.355,0.509,34,41,22,31,88,94,0
0.376,0.54,36,52,23,33,91,81,1
0.55,0.39,50,31,21,20,84,120,0
0.395,0.465,37,53,29,18,133,86,1
0.513,0.352,57,51,16,21,131,111,1
0.41,0.412,34,48,34,33,133,83,1
0.375,0.532,46,54,26,31,107,99,1
0.411,0.598,34,34,15,30,135,129,1
0.531,0.375,33,37,22,29,114,132,0
0.564,0.45,51,36,19,22,84,115,0
0.558,0.55,48,43,29,33,113,111,1
0.449,0.401,56,53,15,22,125,107,1
0.517,0.489,50,52,15,32,113,92,1
0.401,0.533,31,32,24,30,92,80,1
0.423,0.504,40,47,24,34,118,139,0
0.574,0.397,51,45,29,33,121,135,0
0.353,0.439,42,52,31,24,124,114,1
0.371,0.546,44,48,20,31,127,127,0
0.402,0.489,41,48,17,27,137,109,1
0.357,0.351,51,47,27,27,93,133,0
0.395,0.54,50,49,30,21,90,115,0
0.496,0.359,51,45,22,24,121,136,0
0.455,0.536,40,37,29,16,117,134,0
0.573,0.401,36,57,31,18,83,104,0
0.554,0.59,57,30,31,20,132,95,1
0.435,0.442,34,46,27,32,112,137,0
0.415,0.432,46,41,31,20,86,98,0
0.445,0.387,53,59,20,31,135,80,1
0.498,0.426,49,50,31,28,120,84,1
0.417,0.569,38,40,30,25,87,130,0
0.506,0.599,43,34,28,33,116,101,1
0.452,0.442,55,56,27,16,130,103,1
0.488,0.462,41,41,20,17,89,122,0
0.459,0.531,35,46,17,25,122,124,0
0.424,0.572,46,35,28,20,136,131,1
0.587,0.498,48,30,28,28,94,116,0
0.541,0.448,48,34,29,33,117,132,0
0.385,0.453,55,54,22,30,94,115,0
0.567,0.524,45,57,29,21,84,115,0
0.472,0.351,41,43,27,22,108,83,1
0.574,0.505,41,34,31,33,98,115,0
0.55,0.439,49,51,17,34,133,131,1
0.456,0.549,35,53,20,30,130,132,0
0.356,0.373,52,56,19,21,89,97,0
0.417,0.497,55,30,31,23,91,129,0
0.485,0.47,33,59,16,27,133,95,1
0.508,0.511,35,47,29,15,83,120,0
0.414,0.366,40,45,19,22,110,97,1
0.385,0.495,30,38,34,18,97,101,0
0.559,0.49,59,48,20,17,95,81,1
0.596,0.49,53,51,20,17,119,100,1
0.481,0.501,52,34,32,27,115,115,0
0.393,0.519,44,56,32,22,104,123,0
0.418,0.551,56,31,18,21,102,118,0
0.355,0.417,40,59,31,15,91,126,0
0.579,0.556,54,44,28,30,113,118,0
0.379,0.475,48,36,28,20,115,108,1
0.494,0.369,47,33,27,21,116,133,0
0.419,0.365,46,30,21,26,82,105,0
0.489,0.434,48,42,26,23,88,100,0
0.513,0.546,50,49,29,25,132,96,1
0.557,0.527,43,51,33,24,97,95,1
0.402,0.547,56,36,25,15,122,139,0
0.353,0.479,47,44,29,32,114,110,1
0.384,0.46,57,52,26,18,136,130,1
0.575,0.387,48,43,17,19,134,88,1
0.568,0.432,44,52,31,23,113,110,1
0.499,0.459,44,48,17,31,120,93,1
0.5,0.372,33,51,33,17,93,128,0
0.516,0.405,36,58,34,30,83,116,0
0.394,0.5,42,53,18,19,108,81,1
0.579,0.534,32,49,17,30,120,131,0
0.455,0.6,45,58,30,17,124,127,0
0.446,0.583,38,53,26,34,129,125,1
0.48,0.511,37,47,22,29,94,93,1
0.362,0.455,49,39,31,17,107,138,0
0.392,0.509,42,38,21,34,121,112,1
0.535,0.546,46,54,25,28,95,114,0
0.371,0.38,46,37,32,30,91,137,0
0.501,0.452,46,55,15,31,131,118,1
0.411,0.56,30,59,17,34,84,137,0
0.447,0.446,37,58,18,32,113,126,0
0.422,0.493,48,39,27,32,121,130,0
0.439,0.497,35,46,20,28,80,99,0
0.53,0.396,32,31,28,32,118,81,1
0.424,0.441,56,35,19,29,111,130,0
0.492,0.434,34,55,30,29,105,120,0
0.469,0.357,42,34,29,20,96,98,0
0.516,0.356,44,57,29,29,127,138,0
0.584,0.558,43,59,18,32,138,116,1
0.533,0.418,58,38,22,18,106,97,1
0.404,0.48,52,34,30,22,103,95,1
0.358,0.425,45,47,30,29,114,83,1
0.416,0.585,47,55,18,17,125,91,1
0.499,0.415,51,49,27,29,121,108,1
0.363,0.457,58,38,27,27,133,86,1
0.474,0.568,51,46,16,23,118,93,1
0.499,0.56,40,56,17,16,105,134,0
0.434,0.397,32,46,22,22,128,91,1
0.543,0.551,51,41,29,34,117,114,1
0.377,0.465,39,36,25,31,102,84,1
0.369,0.471,39,56,23,27,101,96,1
0.532,0.383,59,32,21,15,83,137,0
0.474,0.37,50,39,27,16,128,121,1
0.522,0.532,45,31,16,29,138,111,1
0.459,0.474,41,54,22,26,88,89,0
0.412,0.459,31,32,21,28,83,122,0
0.555,0.532,38,45,26,16,86,96,0
0.55,0.541,53,31,33,32,102,84,1
0.524,0.39,32,57,21,21,81,124,0
0.418,0.503,53,53,24,20,128,121,1
0.498,0.384,59,39,30,28,103,88,1
0.44,0.538,54,35,17,22,119,128,0
0.373,0.514,59,51,24,16,134,112,1
0.579,0.589,44,55,20,31,110,115,0
0.384,0.367,32,40,32,19,126,115,1
0.588,0.364,48,52,32,28,110,97,1
0.462,0.421,47,36,19,34,126,88,1
